SegmentName,Lat1,Lat2,Lon1,Lon2,Length,Spr.Rate,Spr.Azimuth,MeanDepth,Stdev.Depth,MinMaxDepth,PolygonWidth,MinDepth,MaxDepth,Boundary,SegmentName,dist2hp,hotspot
AARR1,-55.776,-56.304,-4.709,-4.658,58.7855,17.37,86.48,-3706,343,1068,10,-4328,-3260,AntaSoam,AARR1,482,Bouvet
AARR10,-60.796,-60.332,-19.468,-19.419,51.7427,15.67,87.59,-3980,601,1986,10,-5193,-3208,AntaSoam,AFAR10,936,Afar
AARR2,-56.32,-56.569,-4.538,-4.538,27.6431,17.2,86.43,-3301,259,801,10,-3668,-2867,AntaSoam,NA,NA,NA
AARR3,-56.579,-57.266,-6.091,-6.1,76.4485,17.03,86.53,-3334,369,1304,10,-3734,-2430,AntaSoam,AARR3,604,Bouvet
AARR4,-57.33,-57.98,-6.988,-6.979,72.2454,16.74,86.55,-4100,431,1397,10,-4942,-3546,AntaSoam,AARR4,692,Bouvet
AARR5,-58.464,-59.069,-16.067,-16.284,68.4618,16.39,87.37,-4517,223,823,10,-5123,-4301,AntaSoam,NA,NA,NA
AARR6,-59.633,-59.134,-18.441,-17.865,64.2821,16.15,87.53,-4422,465,1387,10,-5350,-3963,AntaSoam,NA,NA,NA
AARR7,-59.926,-59.637,-18.687,-18.457,34.6938,15.99,87.55,-3744,243,783,10,-4127,-3344,AntaSoam,NA,NA,NA
AARR8,-59.955,-60.21,-18.749,-18.818,28.5692,15.87,87.55,-4068,86,242,10,-4197,-3955,AntaSoam,NA,NA,NA
AARR9,-60.311,-60.222,-19.362,-18.827,31.1171,15.79,87.57,-3982,74,303,10,-4191,-3888,AntaSoam,NA,NA,NA
AFAR1,13.042,12.717,57.598,58.264,80.776,24.85,24.22,-3814,448,1668,10,-4720,-3051,AfriArab,NA,NA,NA
AFAR10,13.369,13.136,50.611,51.242,73.0289,20.64,27.03,-3260,332,1252,10,-4047,-2795,AfriArab,NA,NA,NA
AFAR11,13.342,13.206,50.255,50.566,36.8943,20.33,27.31,-3056,142,518,10,-3239,-2720,AfriArab,AFAR11,885,Afar
AFAR12,13.408,13.176,49.696,50.21,61.3179,20.05,27.58,-3055,144,545,10,-3246,-2701,AfriArab,AFAR12,841,Afar
AFAR13,13.127,13.066,49.344,49.525,20.6898,19.8,28.28,-2921,220,668,10,-3272,-2604,AfriArab,AFAR13,781,Afar
AFAR14,13.004,12.864,48.836,49.208,43.2224,19.61,28.87,-2403,172,575,10,-2753,-2179,AfriArab,AFAR14,733,Afar
AFAR15,12.78,12.543,48.087,48.569,58.6118,19.29,29.88,-2329,139,550,10,-2653,-2103,AfriArab,AFAR15,652,Afar
AFAR16,12.593,12.453,47.583,47.866,34.4837,18.98,30.62,-2408,240,761,10,-2767,-2006,AfriArab,AFAR16,587,Afar
AFAR17,12.364,12.181,46.969,47.294,40.7996,18.73,31.59,-2105,208,539,10,-2454,-1914,AfriArab,NA,NA,NA
AFAR18,12.351,12.179,46.525,46.822,37.5242,18.46,32.02,-2026,145,430,10,-2206,-1777,AfriArab,AFAR18,473,Afar
AFAR19,12.138,12.019,46.081,46.388,35.8576,18.27,32.79,-1779,214,701,10,-2198,-1498,AfriArab,NA,NA,NA
AFAR2,13.778,13.466,57.104,57.867,89.3905,24.4,23.36,-3355,408,1456,10,-3858,-2403,AfriArab,NA,NA,NA
AFAR20,11.926,12.108,43.433,46.002,280.0938,17.42,34.46,-1192,176,974,10,-1840,-865,AfriArab,AFAR20,292,Afar
AFAR21,11.767,11.842,42.003,43.254,136.38,16.32,37.38,367,560,2463,10,-1003,1460,AfriArab,AFAR21,205,Afar
AFAR22,11.211,11.841,41.672,41.248,83.8953,15.8,39.54,407,142,659,10,254,913,AfriArab,NA,NA,NA
AFAR23,11.892,12.543,41.226,40.734,89.9387,15.21,38.8,562,160,473,10,372,845,AfriArab,NA,NA,NA
AFAR24,12.558,12.919,40.681,40.424,48.9371,14.74,38.29,476,80,230,10,350,580,AfriArab,NA,NA,NA
AFAR25,13.148,14.323,40.938,40.303,147.6519,14.34,35.89,-1,154,489,10,-126,363,AfriArab,NA,NA,NA
AFAR26,14.353,15.559,40.28,39.592,153.1307,13.42,33.83,27,165,722,10,-121,601,AfriArab,NA,NA,NA
AFAR27,16.621,16.194,40.834,41.296,68.4395,13.55,28.46,-1007,209,678,10,-1389,-711,AfriArab,NA,NA,NA
AFAR28,16.621,17.6,40.897,40.318,125.0551,13.02,26.99,-1109,191,750,10,-1438,-688,AfriArab,NA,NA,NA
AFAR29,17.503,18.099,40.35,39.951,78.5507,12.5,25.43,-1224,139,485,10,-1500,-1015,AfriArab,NA,NA,NA
AFAR3,14.449,14.033,56.335,57.072,91.9305,23.79,22.75,-3374,203,940,10,-3805,-2864,AfriArab,AFAR3,1562,Afar
AFAR30,18.099,19.092,39.943,39.309,129.0601,11.92,23.45,-1346,75,322,10,-1522,-1200,AfriArab,NA,NA,NA
AFAR31,19.041,19.683,39.348,38.785,92.6588,11.34,21.4,-1767,328,1363,10,-2602,-1238,AfriArab,NA,NA,NA
AFAR32,19.764,20.769,38.621,38.081,125.1497,10.63,18.73,-1915,186,831,10,-2389,-1558,AfriArab,NA,NA,NA
AFAR33,22.487,20.777,37.815,38.158,193.334,10.09,13.52,-1810,286,1474,10,-2324,-850,AfriArab,NA,NA,NA
AFAR34,23.896,22.474,36.572,37.844,204.7365,9.35,6.96,-1598,308,1341,10,-2461,-1120,AfriArab,AFAR34,1590,Afar
AFAR35,25.338,23.937,36.147,36.535,160.6473,8.68,0.17,-1337,197,994,10,-2092,-1099,AfriArab,NA,NA,NA
AFAR36,25.354,27.445,36.129,34.399,289.4264,8.06,10.27,-1224,178,1206,10,-2232,-1026,AfriArab,AFAR36,1898,Darfur
AFAR4,14.759,14.519,55.801,56.19,49.5808,23.27,22.41,-2959,148,503,10,-3222,-2719,AfriArab,NA,NA,NA
AFAR5,14.857,14.56,55.175,55.566,53.5156,22.88,22.52,-2761,196,694,10,-3122,-2428,AfriArab,NA,NA,NA
AFAR6,14.431,14.718,54.943,54.45,61.918,22.51,22.99,-2579,282,983,10,-3102,-2118,AfriArab,NA,NA,NA
AFAR7,14.649,14.483,53.954,54.311,42.6735,22.18,23.23,-2805,90,344,10,-2994,-2650,AfriArab,NA,NA,NA
AFAR8,14.457,14.276,53.425,53.777,42.9746,21.91,23.77,-3390,118,395,10,-3595,-3199,AfriArab,AFAR8,1250,Afar
AFAR9,14.765,14.288,52.24,53.252,121.1436,21.36,23.9,-2238,656,2347,10,-3695,-1348,AfriArab,AFAR9,1172,Afar
CHIL1,-33.135,-34.552,-109.17,-109.246,157.7195,55.94,100.42,-3074,189,726,10,-3479,-2753,NazcAnta,CHIL1,765,Easter
CHIL10,-38.96,-39.831,-91.597,-91.505,97.1292,56.94,86.64,-3450,182,672,10,-3793,-3121,NazcAnta,NA,NA,NA
CHIL11,-39.923,-40.178,-91.604,-91.576,28.4458,57.05,86.68,-3753,80,255,10,-3899,-3644,NazcAnta,NA,NA,NA
CHIL12,-40.275,-41.049,-91.881,-91.838,86.1284,57.15,86.89,-3689,268,1041,10,-4358,-3318,NazcAnta,NA,NA,NA
CHIL13,-41.076,-41.225,-91.3,-91.271,16.7807,57.22,86.46,-4131,74,292,10,-4310,-4018,NazcAnta,NA,NA,NA
CHIL14,-41.183,-41.305,-90.336,-90.315,13.7362,57.24,85.72,-4301,131,575,10,-4461,-3886,NazcAnta,NA,NA,NA
CHIL15,-41.284,-41.406,-89.153,-89.124,13.8138,57.27,84.81,-4637,454,1295,10,-5193,-3899,NazcAnta,NA,NA,NA
CHIL16,-41.305,-41.454,-87.75,-87.707,16.9324,57.29,83.74,-4582,252,1135,10,-5283,-4148,NazcAnta,NA,NA,NA
CHIL17,-41.316,-41.518,-85.653,-85.589,23.072,57.32,82.13,-4488,110,440,10,-4713,-4273,NazcAnta,NA,NA,NA
CHIL18,-41.449,-41.565,-84.682,-84.654,13.1887,57.34,81.41,-4470,460,1315,10,-5228,-3913,NazcAnta,NA,NA,NA
CHIL19,-41.565,-41.782,-84.342,-84.285,24.5846,57.37,81.15,-3789,251,854,10,-4380,-3526,NazcAnta,NA,NA,NA
CHIL2,-35.311,-35.741,-105.586,-105.678,48.4785,56.24,97.59,-3612,286,1215,10,-4582,-3366,NazcAnta,NA,NA,NA
CHIL20,-41.698,-41.978,-84.03,-83.945,31.8993,57.4,80.9,-3898,160,589,10,-4235,-3646,NazcAnta,NA,NA,NA
CHIL21,-42.004,-43.002,-83.718,-83.435,113.3455,57.48,80.6,-3606,263,1116,10,-4157,-3041,NazcAnta,NA,NA,NA
CHIL22,-42.986,-43.846,-82.762,-82.464,98.5375,57.58,79.89,-3399,281,1046,10,-3800,-2754,NazcAnta,CHIL22,1048,Juan
CHIL23,-43.815,-44.698,-82.457,-82.067,102.9731,57.65,79.64,-3384,197,740,10,-3772,-3032,NazcAnta,CHIL23,1142,Juan
CHIL24,-44.707,-44.984,-81.972,-81.894,31.3761,57.7,79.4,-3594,97,439,10,-3857,-3418,NazcAnta,CHIL24,1209,Juan
CHIL25,-44.395,-45.781,-78.404,-77.859,159.9137,57.75,76.56,-3222,334,1474,10,-3923,-2448,NazcAnta,CHIL25,1301,Juan
CHIL26,-45.632,-45.933,-76.888,-76.725,35.8185,57.78,75.59,-3700,243,804,10,-4139,-3335,NazcAnta,CHIL26,1412,Juan
CHIL27,-45.825,-46.292,-75.981,-75.804,53.7087,57.8,74.91,-3182,121,566,10,-3342,-2776,NazcAnta,CHIL27,1470,Juan
CHIL3,-36.386,-36.989,-97.081,-97.074,66.9756,56.38,90.92,-3939,286,1124,10,-4586,-3462,NazcAnta,CHIL3,1310,Juan
CHIL4,-36.994,-37.09,-96.203,-96.189,10.7699,56.46,90.23,-4147,201,529,10,-4419,-3891,NazcAnta,CHIL7,1080,Juan
CHIL5,-37.056,-37.322,-95.338,-95.331,29.5067,56.49,89.56,-3974,262,844,10,-4353,-3509,NazcAnta,NA,NA,NA
CHIL6,-37.31,-38.123,-94.12,-94.077,90.4454,56.61,88.6,-3370,263,949,10,-3924,-2975,NazcAnta,NA,NA,NA
CHIL7,-38.073,-38.301,-93.858,-93.85,25.3934,56.7,88.41,-3634,138,466,10,-3898,-3431,NazcAnta,NA,NA,NA
CHIL8,-38.287,-38.397,-92.946,-92.94,12.2652,56.74,87.71,-3325,179,556,10,-3694,-3138,NazcAnta,NA,NA,NA
CHIL9,-38.418,-38.949,-92.582,-92.54,59.1596,56.81,87.42,-3797,141,490,10,-4036,-3546,NazcAnta,CHIL9,1001,Juan
CIRR1,-25.227,-25.481,69.914,70.017,30.1219,47.38,60.15,-4161,76,344,10,-4265,-3921,AfriAust,CIRR1a,1506,Reunion
CIRR10,-20.766,-21.041,68.561,68.747,36.2226,43.24,59.24,-3219,101,307,10,-3417,-3110,AfriAust,CIRR10a,1314,Reunion
CIRR11,-20.303,-20.836,68.039,68.383,69.2565,42.75,59.64,-2856,119,509,10,-3173,-2664,AfriAust,CIRR11,1270,Reunion
CIRR12,-20.103,-20.406,67.545,67.737,39.1876,42.23,60.24,-3368,146,407,10,-3581,-3175,AfriAust,CIRR12a,1214,Reunion
CIRR13,-19.992,-20.366,66.737,67.003,50.0091,41.82,61.3,-3445,264,841,10,-4036,-3195,AfriAust,CIRR13a,1135,Reunion
CIRR14,-19.346,-20.258,65.716,66.394,123.7548,41.13,62.25,-2900,296,1016,10,-3465,-2449,AfriAust,CIRR14a,1056,Reunion
CIRR15,-19.065,-19.337,65.537,65.71,35.3591,40.42,62.51,-2841,59,177,10,-2947,-2771,AfriAust,CIRR15,1024,Reunion
CIRR16,-18.763,-18.998,65.424,65.567,30.2245,40.08,62.5,-2978,104,302,10,-3103,-2801,AfriAust,CIRR16,1020,Reunion
CIRR17,-17.953,-18.715,65.038,65.499,97.7766,39.49,62.48,-3119,268,701,10,-3468,-2767,AfriAust,CIRR17,1015,Reunion
CIRR18,-16.558,-16.956,66.481,66.85,59.2538,38.75,59.19,-3540,436,1452,10,-4371,-2919,AfriAust,NA,NA,NA
CIRR19,-15.581,-16.008,67.091,67.446,60.6965,38.22,57.5,-3560,256,1093,10,-4123,-3031,AfriAust,CIRR19a,1322,Reunion
CIRR2,-24.711,-25.14,69.851,70.112,54.4423,47.05,59.89,-3654,164,766,10,-3895,-3129,AfriAust,CIRR2,1496,Reunion
CIRR20,-14.792,-15.442,66.73,67.256,91.6583,37.49,57.35,-3248,184,745,10,-3696,-2951,AfriAust,NA,NA,NA
CIRR21,-13.948,-14.867,65.859,66.577,128.1012,36.45,57.96,-2882,312,1387,10,-3869,-2482,AfriAust,NA,NA,NA
CIRR22,-12.72,-13.307,66.307,66.724,79.3472,35.39,56.21,-3540,398,1648,10,-4782,-3135,AfriAust,CIRR22a,1427,Reunion
CIRR23,-12.075,-12.751,65.673,66.198,94.367,34.53,56.58,-3542,362,1408,10,-4234,-2825,AfriAust,CIRR23a,1424,Reunion
CIRR24,-11.196,-11.587,66.126,66.453,56.2591,33.83,54.97,-3619,361,1256,10,-4408,-3152,AfriAust,NA,NA,NA
CIRR25,-10.325,-10.857,66.267,66.693,75.1582,33.25,53.8,-3633,400,1247,10,-4254,-3007,AfriAust,CIRR25a,1610,Reunion
CIRR26,-9.654,-9.907,66.595,66.834,38.4662,32.7,52.5,-3894,297,865,10,-4365,-3500,AfriAust,NA,NA,NA
CIRR27,-7.824,-8.28,67.88,68.278,67.0707,34.91,40.31,-3656,553,1884,10,-4724,-2840,AfriIndi,CIRR27a,1938,Reunion
CIRR28,-7.103,-7.455,67.915,68.27,55.2795,34.66,39.8,-3482,195,693,10,-3833,-3140,AfriIndi,NA,NA,NA
CIRR29,-6.056,-6.549,68.013,68.535,79.6491,34.41,39.03,-3462,466,1588,10,-4448,-2859,AfriIndi,CIRR29a,2102,Reunion
CIRR3,-23.771,-24.641,69.454,69.886,106.2739,46.36,59.89,-3373,353,1231,10,-3856,-2624,AfriAust,CIRR3a,1447,Reunion
CIRR30,-5.217,-5.383,68.525,68.704,27.1095,34.22,38.13,-4250,356,1061,10,-4787,-3726,AfriIndi,CIRR30a,2213,Reunion
CIRR31,-4.885,-5.102,68.39,68.589,32.6585,34.07,37.99,-3785,127,547,10,-3979,-3432,AfriIndi,NA,NA,NA
CIRR32,-4.088,-4.53,68.278,68.774,73.7443,33.86,37.48,-3773,213,706,10,-4272,-3566,AfriIndi,CIRR32a,2297,Reunion
CIRR33,-3.248,-3.717,68.004,68.633,87.1183,33.5,37.01,-3080,349,1237,10,-3876,-2639,AfriIndi,NA,NA,NA
CIRR34,-2.656,-2.85,67.977,68.19,32.0339,33.16,36.61,-3668,74,235,10,-3764,-3529,AfriIndi,NA,NA,NA
CIRR35,-2,-2.248,67.951,68.278,45.6786,32.97,36.11,-3644,274,809,10,-4098,-3289,AfriIndi,NA,NA,NA
CIRR36,-1.389,-1.841,67.419,68.048,86.0812,32.64,35.94,-3566,331,1022,10,-3979,-2957,AfriIndi,CIRR36a,2503,Reunion
CIRR37,-0.778,-1.035,67.251,67.605,48.6672,32.27,35.56,-3053,296,1289,10,-3639,-2350,AfriIndi,NA,NA,NA
CIRR38,-0.424,-0.654,67.038,67.392,46.9975,32.05,35.38,-3522,171,563,10,-3714,-3151,AfriIndi,NA,NA,NA
CIRR39,0.001,-0.132,67.074,67.206,20.9,31.86,35.03,-3761,154,445,10,-3987,-3542,AfriIndi,NA,NA,NA
CIRR4,-23.153,-23.72,69.145,69.488,72.1274,45.59,59.91,-3428,341,1212,10,-4005,-2793,AfriAust,NA,NA,NA
CIRR40,0.258,0.134,66.958,67.118,22.4666,31.73,34.87,-3497,44,169,10,-3564,-3395,AfriIndi,NA,NA,NA
CIRR41,0.595,0.356,66.737,67.056,44.3251,31.57,34.72,-3371,195,624,10,-3755,-3131,AfriIndi,NA,NA,NA
CIRR42,0.819,1.095,66.871,66.551,46.9941,31.32,34.41,-2899,475,1346,10,-3484,-2137,AfriIndi,NA,NA,NA
CIRR43,1.492,1.825,66.929,66.596,52.3795,31.12,33.76,-3342,314,959,10,-3717,-2758,AfriIndi,NA,NA,NA
CIRR44,2.325,3.093,66.75,65.59,154.5852,30.49,33.14,-3369,269,978,10,-3864,-2886,AfriIndi,CIRR44a,2684,Afar
CIRR45,3.074,2.946,65.288,65.468,24.483,30,33.31,-3864,109,399,10,-4005,-3606,AfriIndi,NA,NA,NA
CIRR46,3.675,2.915,64.115,65.178,145.193,29.54,33.46,-3825,268,967,10,-4265,-3298,AfriIndi,NA,NA,NA
CIRR47,3.746,3.675,63.61,64.079,52.6867,28.99,33.52,-4078,186,617,10,-4385,-3768,AfriIndi,CIRR47,2404,Afar
CIRR48,3.932,3.737,63.255,63.548,38.9871,28.72,33.66,-3962,143,545,10,-4310,-3765,AfriIndi,NA,NA,NA
CIRR49,4.231,3.841,62.68,63.154,68.1763,28.4,33.76,-3353,171,675,10,-3868,-3194,AfriIndi,NA,NA,NA
CIRR5,-22.883,-23.076,69.165,69.283,24.675,45.19,59.77,-3504,96,304,10,-3667,-3364,AfriAust,NA,NA,NA
CIRR50,4.934,4.321,62.039,62.699,100.0197,27.91,33.47,-3297,500,1605,10,-3783,-2178,AfriIndi,NA,NA,NA
CIRR51,5.559,5.094,61.616,62.199,82.7776,27.43,33,-3338,327,1272,10,-3901,-2629,AfriIndi,NA,NA,NA
CIRR52,6.059,5.6,60.863,61.607,96.8198,26.89,32.85,-3750,357,1147,10,-4335,-3188,AfriIndi,NA,NA,NA
CIRR53,6.437,6.147,60.394,60.837,58.6543,26.4,32.71,-3706,298,830,10,-4182,-3351,AfriIndi,CIRR53,1982,Afar
CIRR54,6.71,6.428,60.119,60.429,46.413,26.11,32.6,-3385,287,785,10,-3728,-2943,AfriIndi,NA,NA,NA
CIRR55,7.323,6.821,59.61,60.2,85.7581,25.73,32.23,-3345,404,1790,10,-4357,-2567,AfriIndi,NA,NA,NA
CIRR56,8.067,7.605,59.027,59.764,96.0629,25.18,31.59,-3175,602,2041,10,-4011,-1970,AfriIndi,NA,NA,NA
CIRR57,8.522,8.011,58.341,59.053,96.7874,24.64,31.49,-3426,211,751,10,-3827,-3075,AfriIndi,NA,NA,NA
CIRR58,8.922,8.777,58.213,58.444,30.0796,24.23,30.95,-4102,193,601,10,-4355,-3754,AfriIndi,NA,NA,NA
CIRR59,9.39,9.131,57.95,58.36,53.4527,23.99,30.49,-3830,158,434,10,-4055,-3621,AfriIndi,NA,NA,NA
CIRR6,-22.191,-22.657,69.04,69.404,63.9427,44.74,59.43,-3544,224,867,10,-4097,-3230,AfriAust,NA,NA,NA
CIRR60,9.97,9.722,57.509,58.032,63.5822,23.57,29.91,-3820,164,636,10,-4152,-3516,AfriIndi,CIRR60,1618,Afar
CIRR61,10.119,9.834,56.722,57.2,61.2906,23.05,30.25,-3969,259,681,10,-4254,-3573,AfriIndi,NA,NA,NA
CIRR7,-21.748,-22.102,68.985,69.198,45.0108,44.27,59.3,-3290,113,403,10,-3504,-3101,AfriAust,NA,NA,NA
CIRR8,-21.409,-21.733,68.702,68.936,43.4138,43.86,59.45,-3104,126,418,10,-3367,-2950,AfriAust,NA,NA,NA
CIRR9,-21.166,-21.389,68.523,68.686,30.0378,43.52,59.55,-2746,130,390,10,-2970,-2580,AfriAust,NA,NA,NA
EPRR1,31.076,31.376,-114.465,-114.092,48.6822,44.52,136.73,-56,30,153,10,-176,-23,PaciNoam,NA,NA,NA
EPRR10,23.609,23.247,-108.38,-108.646,48.547,47.55,125.75,-2367,49,259,10,-2464,-2205,PaciNoam,NA,NA,NA
EPRR11,22.894,22.25,-108.081,-108.551,86.3525,54.67,89.07,-3005,180,663,10,-3260,-2597,PaciCoco,EPRR11,485,Socorro
EPRR12,22.222,21.938,-108.485,-108.706,38.9695,56.51,89.99,-2998,92,363,10,-3180,-2817,PaciCoco,NA,NA,NA
EPRR13,21.904,21.304,-108.589,-109.009,79.6115,58.3,90.61,-2731,170,694,10,-3105,-2411,PaciCoco,NA,NA,NA
EPRR14,21.252,20.532,-108.784,-109.353,99.5885,60.98,91.37,-2745,153,665,10,-3208,-2543,PaciCoco,EPRR14,292,Socorro
EPRR15,20.427,20.004,-109.185,-109.492,56.9538,63.52,92.07,-2713,67,371,10,-2882,-2510,PaciCoco,NA,NA,NA
EPRR16,18.512,17.86,-106.236,-106.334,73.1355,71.39,84.22,-2754,80,461,10,-2981,-2520,PaciCoco,EPRR16,505,Socorro
EPRR17,18.04,17.698,-105.699,-105.48,44.5728,72.83,82.62,-3047,56,281,10,-3177,-2896,PaciCoco,EPRR18,635,Socorro
EPRR18,17.693,16.274,-105.471,-105.289,159.0565,76.13,82.45,-2744,63,251,NA,-2884,-2633,PaciCoco,EPRR19,669,Socorro
EPRR19,16.382,15.993,-105.397,-105.443,43.4887,78.99,82.82,-2620,189,544,NA,-2862,-2318,PaciCoco,EPRR20,699,Socorro
EPRR2,30.12,30.313,-114.051,-113.8,32.2688,45.11,135.44,-331,27,88,10,-376,-288,PaciNoam,EPRR21,770,Socorro
EPRR20,15.966,15.416,-105.446,-105.356,61.8675,80.78,82.93,-2356,49,198,10,-2495,-2297,PaciCoco,EPRR22,844,Socorro
EPRR21,15.42,15.192,-104.907,-104.822,26.9312,82.4,81.91,-3461,109,361,10,-3599,-3238,PaciCoco,EPRR23,911,Socorro
EPRR22,15.21,14.411,-104.449,-104.315,89.972,84.42,81.07,-2972,110,413,10,-3196,-2784,PaciCoco,EPRR24,975,Socorro
EPRR23,14.392,13.67,-104.274,-104.139,81.6367,87.27,81.01,-2803,66,278,10,-2980,-2703,PaciCoco,EPRR25,1024,Socorro
EPRR24,13.671,12.899,-104.155,-103.979,87.9301,89.97,81,-2656,71,384,10,-2960,-2576,PaciCoco,EPRR26,1077,Socorro
EPRR25,12.899,12.657,-103.967,-103.905,27.7364,91.81,80.93,-2635,14,60,10,-2669,-2610,PaciCoco,EPRR27,1138,Socorro
EPRR26,12.639,11.721,-103.93,-103.781,103.4195,93.94,80.98,-2728,54,191,NA,-2807,-2617,PaciCoco,EPRR28,1213,Socorro
EPRR27,11.822,11.128,-103.863,-103.742,78.2109,96.41,81.11,-2575,43,334,NA,-2845,-2510,PaciCoco,EPRR29,1268,Socorro
EPRR28,11.131,10.301,-103.726,-103.579,93.624,99.1,81.09,-2744,145,602,10,-3145,-2543,PaciCoco,NA,NA,NA
EPRR29,10.167,9.108,-104.351,-104.191,119.0436,102.5,82.46,-2590,20,88,10,-2634,-2546,PaciCoco,NA,NA,NA
EPRR3,29.634,29.848,-113.978,-113.746,32.6392,45.47,134.89,-702,105,356,10,-802,-446,PaciNoam,NA,NA,NA
EPRR30,9.059,8.393,-104.271,-104.171,74.8747,105.62,82.6,-2598,27,116,10,-2657,-2541,PaciCoco,EPRR30,1356,Socorro
EPRR31,8.41,8.336,-103.944,-103.923,8.4952,106.94,82.21,-3624,119,365,10,-3811,-3447,PaciCoco,EPRR31,1406,Socorro
EPRR32,8.396,8.338,-103.526,-103.511,6.6032,107.16,81.54,-3121,17,56,10,-3145,-3089,PaciCoco,EPRR32,1431,Socorro
EPRR33,8.426,8.012,-102.9,-102.823,46.8049,108,80.51,-2757,38,161,10,-2858,-2698,PaciCoco,EPRR33,1486,Socorro
EPRR34,8.012,7.393,-102.836,-102.691,70.6793,109.77,80.5,-2746,35,130,10,-2808,-2677,PaciCoco,EPRR34,1469,Galapagos
EPRR35,7.488,5.564,-102.797,-102.41,218.1448,113.76,80.59,-2823,64,331,10,-3014,-2684,PaciCoco,EPRR35,1382,Galapagos
EPRR36,5.61,4.906,-102.497,-102.358,79.8301,118,80.66,-2800,110,457,10,-3128,-2672,PaciCoco,NA,NA,NA
EPRR37,4.988,3.428,-102.456,-102.157,176.6438,121.45,80.75,-3060,75,357,10,-3218,-2861,PaciCoco,NA,NA,NA
EPRR38,3.495,2.18,-102.265,-102.033,148.4871,125.89,80.86,-3079,145,573,10,-3406,-2833,PaciCoco,NA,NA,NA
EPRR39,2.187,1.828,-102.07,-102.137,40.6216,128.53,80.98,-3323,166,681,10,-3686,-3005,PaciCoco,NA,NA,NA
EPRR4,27.532,27.16,-111.327,-111.594,49.0182,45.85,131.18,-1994,83,337,10,-2069,-1733,PaciNoam,NA,NA,NA
EPRR40,1.784,1.216,-102.274,-102.212,63.4971,130.04,81.28,-3052,71,282,10,-3172,-2889,PaciCoco,NA,NA,NA
EPRR41,0.715,-1.219,-102.168,-102.576,219.8061,126.46,98.26,-3040,86,352,10,-3256,-2904,NazcPaci,NA,NA,NA
EPRR42,-1.472,-2.717,-102.537,-102.723,139.9577,129.08,98.26,-3020,66,269,10,-3201,-2932,NazcPaci,NA,NA,NA
EPRR43,-2.82,-3.739,-102.502,-102.682,104.1158,130.66,98.13,-3061,78,432,10,-3366,-2934,NazcPaci,EPRR43,1232,Galapagos
EPRR44,-3.666,-4.038,-103.979,-104.059,42.3658,131.68,98.98,-3203,152,566,10,-3498,-2932,NazcPaci,NA,NA,NA
EPRR45,-4.016,-4.595,-104.53,-104.64,65.6024,132.37,99.29,-2779,61,240,10,-2948,-2708,NazcPaci,NA,NA,NA
EPRR46,-4.552,-5.305,-106.315,-106.485,85.7674,133.53,100.35,-2651,65,237,10,-2768,-2531,NazcPaci,NA,NA,NA
EPRR47,-5.256,-6.34,-106.615,-106.965,126.6108,134.66,100.5,-2795,117,427,10,-3046,-2619,NazcPaci,NA,NA,NA
EPRR48,-6.25,-6.984,-107.411,-107.59,83.9906,135.77,100.85,-2850,108,480,10,-3086,-2606,NazcPaci,EPRR48,1871,Galapagos
EPRR49,-6.99,-7.242,-107.631,-107.71,29.3891,136.37,100.9,-2813,49,224,10,-2957,-2733,NazcPaci,NA,NA,NA
EPRR5,27.099,26.952,-111.352,-111.47,20.149,46.11,130.83,-2003,38,148,10,-2039,-1890,PaciNoam,NA,NA,NA
EPRR50,-7.268,-9.135,-107.774,-108.171,212.1562,137.62,100.98,-2914,92,626,10,-3377,-2751,NazcPaci,EPRR50,1991,Galapagos
EPRR51,-8.898,-9.073,-109.67,-109.729,20.4833,138.81,101.92,-3056,117,443,10,-3340,-2897,NazcPaci,NA,NA,NA
EPRR52,-9.053,-9.657,-109.894,-110.025,68.6607,139.24,102.03,-2714,86,320,10,-2926,-2607,NazcPaci,NA,NA,NA
EPRR53,-9.656,-10.835,-110.071,-110.357,134.8297,140.17,102.1,-2733,49,204,10,-2843,-2639,NazcPaci,EPRR53,1863,Easter
EPRR54,-10.832,-11.655,-110.377,-110.603,94.7208,141.17,102.17,-2916,66,347,10,-3133,-2786,NazcPaci,NA,NA,NA
EPRR55,-11.671,-12.518,-110.686,-110.891,96.7836,142,102.27,-2681,66,343,10,-2925,-2582,NazcPaci,EPRR55,1660,Easter
EPRR56,-12.55,-13.398,-110.853,-111.002,95.6655,142.79,102.28,-2771,165,644,10,-3087,-2443,NazcPaci,NA,NA,NA
EPRR57,-13.279,-13.499,-111.156,-111.224,25.5875,143.19,102.4,-3230,85,405,10,-3399,-2993,NazcPaci,NA,NA,NA
EPRR58,-13.385,-13.455,-111.931,-111.978,9.3339,143.35,102.82,-3645,68,255,10,-3781,-3526,NazcPaci,EPRR58,1524,Easter
EPRR59,-13.361,-15.027,-112.318,-112.749,190.9987,144.07,103.08,-2673,87,376,10,-2971,-2596,NazcPaci,EPRR59,1448,Easter
EPRR6,26.286,26.158,-110.514,-110.609,17.0991,46.26,129.56,-2254,107,508,10,-2474,-1966,PaciNoam,NA,NA,NA
EPRR60,-14.982,-15.552,-112.784,-112.885,64.3224,144.94,103.17,-2746,133,427,10,-3028,-2601,NazcPaci,EPRR60,1337,Easter
EPRR61,-15.533,-15.953,-112.912,-112.982,47.2111,145.3,103.2,-2742,85,281,10,-2926,-2644,NazcPaci,EPRR61,1288,Easter
EPRR62,-15.941,-19.283,-112.974,-113.497,375.756,146.6,103.24,-2809,109,562,10,-3154,-2592,NazcPaci,EPRR62,1096,Easter
EPRR63,-19.324,-20.685,-113.514,-113.855,155.4629,148.04,103.35,-2910,110,490,10,-3258,-2768,NazcPaci,EPRR63,864,Easter
EPRR64,-20.61,-23.046,-114.131,-114.535,274.0615,148.99,103.61,-2997,105,440,10,-3249,-2809,NazcPaci,EPRR64,723,Easter
EPRR65,-22.925,-24.314,-115.461,-115.461,154.3942,149.8,104.14,-2988,234,1000,10,-3632,-2632,NazcPaci,EPRR65,665,Easter
EPRR66,-24.229,-24.533,-115.641,-116.254,70.6952,150.09,104.37,-3528,374,1408,10,-4131,-2723,NazcPaci,EPRR66,663,Easter
EPRR67,-24.869,-26.7,-116.544,-115.034,253.5241,150.47,104.25,-2695,273,1330,10,-3369,-2039,NazcPaci,EPRR67,592,Easter
EPRR68,-22.996,-25.017,-111.869,-112.067,225.6673,149.67,102.28,-3227,536,2522,10,-5140,-2619,NazcPaci,EPRR68,387,Easter
EPRR69,-24.753,-25.552,-112.41,-112.384,88.9611,150.09,102.47,-3035,159,538,10,-3307,-2769,NazcPaci,EPRR69,315,Easter
EPRR7,25.563,25.327,-109.768,-109.963,32.7504,46.51,128.41,-3204,79,495,10,-3321,-2826,PaciNoam,NA,NA,NA
EPRR70,-27.364,-25.39,-112.779,-112.564,220.6185,150.46,102.59,-2643,89,403,10,-2844,-2442,NazcPaci,EPRR70,274,Easter
EPRR71,-27.364,-28.493,-112.942,-112.924,125.5626,150.82,102.7,-2378,169,598,10,-2760,-2162,NazcPaci,EPRR71,307,Easter
EPRR72,-28.463,-29.304,-113.01,-112.95,93.7194,150.98,102.71,-2548,212,712,10,-3035,-2323,NazcPaci,EPRR72,360,Easter
EPRR73,-29.346,-30.495,-111.725,-111.782,127.7921,151.08,102.04,-2607,125,514,10,-2823,-2309,NazcPaci,EPRR73,367,Easter
EPRR74,-30.626,-32.293,-111.868,-112.125,186.9246,151.2,102.17,-2394,41,263,10,-2599,-2337,NazcPaci,NA,NA,NA
EPRR75,-32.309,-34.008,-112.411,-112.544,189.3808,151.21,102.42,-2448,74,344,10,-2654,-2310,NazcPaci,EPRR75,725,Easter
EPRR76,-34.047,-34.837,-112.737,-111.946,113.8692,151.13,102.36,-2707,285,1129,10,-3473,-2345,NazcPaci,NA,NA,NA
EPRR8,24.668,24.443,-109.107,-109.278,30.3963,46.91,127.17,-3041,245,834,10,-3534,-2700,PaciNoam,NA,NA,NA
EPRR9,23.966,23.866,-108.689,-108.755,12.977,47.22,126.3,-3039,482,1431,10,-4099,-2668,PaciNoam,NA,NA,NA
GAKK1,79.945,78.468,123.226,125.697,171.9852,6.88,108.01,-3192,261,945,10,-3524,-2579,NoamEura,NA,NA,NA
GAKK10,86.652,87.01,45.666,59.007,90.9047,10.75,179.54,-4681,424,1597,10,-5141,-3545,NoamEura,GAKK10,1961,Jan
GAKK11,85.99,86.65,29.529,45.366,134.0998,11.09,164.86,-4356,477,1586,10,-5114,-3528,NoamEura,GAKK11,1848,Jan
GAKK12,85.928,85.984,22.418,29.437,55.3593,11.39,153.25,-4634,151,477,10,-4921,-4444,NoamEura,GAKK12,1757,Jan
GAKK13,85.199,85.925,11.686,22.317,121.6672,11.67,144.36,-4544,369,1474,10,-4986,-3512,NoamEura,GAKK13,1678,Jan
GAKK14,84.607,85.199,2.843,11.551,108.1347,12.03,134.64,-4663,265,1037,10,-5183,-4147,NoamEura,GAKK14,1573,Jan
GAKK15,84.126,84.506,0.043,2.829,52.2315,12.31,128.92,-3856,235,758,10,-4182,-3425,NoamEura,GAKK15,1493,Jan
GAKK16,83.583,84.115,-3.669,-0.037,73.2378,12.51,125.63,-3593,317,1088,10,-4115,-3027,NoamEura,GAKK16,1434,Jan
GAKK17,83.222,83.577,-5.501,-3.74,45.4284,12.7,122.88,-3586,370,1260,10,-4250,-2990,NoamEura,GAKK17,1381,Jan
GAKK18,83.209,82.934,-5.513,-6.731,34.6706,12.82,121.35,-3977,182,671,10,-4311,-3640,NoamEura,GAKK18,1343,Jan
GAKK2,81.498,79.958,120.34,123.253,178.9208,7.5,110.44,-3849,580,2106,10,-5216,-3111,NoamEura,NA,NA,NA
GAKK3,82.238,81.517,118.628,120.113,83.5226,7.96,112.61,-4521,609,2098,10,-5197,-3098,NoamEura,NA,NA,NA
GAKK4,83.365,82.309,116.062,118.443,122.0247,8.34,114.37,-4253,52,247,10,-4376,-4129,NoamEura,NA,NA,NA
GAKK5,83.374,84.888,115.96,101.831,231.5243,8.94,123.2,-4140,108,463,10,-4381,-3918,NoamEura,NA,NA,NA
GAKK6,85.351,84.891,89.776,101.814,124.489,9.52,136.95,-4178,151,576,10,-4421,-3844,NoamEura,NA,NA,NA
GAKK7,85.982,85.359,77.364,89.708,124.2424,9.93,149.5,-4090,90,337,10,-4272,-3935,NoamEura,GAKK7,2177,Jan
GAKK8,86.743,85.994,65.955,77.082,113.9511,10.31,160.9,-3936,423,1873,10,-4799,-2926,NoamEura,GAKK8,2076,Jan
GAKK9,87.044,86.851,60.123,65.923,40.4368,10.54,168.53,-4338,201,647,10,-4635,-3988,NoamEura,NA,NA,NA
GALA1,1.116,0.708,-102.177,-102.239,45.9175,38.56,10.43,-2919,41,172,10,-3034,-2862,CocoNazc,NA,NA,NA
GALA10,2.371,2.097,-93.246,-92.198,120.3807,53.05,5.53,-2022,147,560,10,-2376,-1816,CocoNazc,GALA10,261,Galapagos
GALA11,2.153,1.851,-92.137,-90.823,149.732,54.93,5.75,-1882,142,744,10,-2367,-1624,CocoNazc,GALA11,230,Galapagos
GALA12,1.034,0.759,-90.793,-89.222,177.268,57.26,7.19,-1792,82,414,10,-1945,-1531,CocoNazc,GALA12,243,Galapagos
GALA13,0.827,0.719,-89.16,-87.831,148.2527,59.45,7.11,-1966,102,340,10,-2139,-1799,CocoNazc,GALA13,399,Galapagos
GALA14,0.677,0.751,-87.77,-87.045,81.0902,60.99,7.03,-2244,104,413,10,-2422,-2010,CocoNazc,GALA14,517,Galapagos
GALA15,0.89,0.697,-87.109,-85.331,198.9446,62.62,6.76,-2471,122,533,10,-2744,-2211,CocoNazc,GALA15,649,Galapagos
GALA16,1.755,1.72,-85.246,-84.69,61.9722,64.2,5.45,-3105,144,480,10,-3355,-2875,CocoNazc,GALA16,805,Galapagos
GALA17,3.343,3.264,-84.257,-82.945,145.8903,65.88,3.52,-3254,321,1194,10,-4082,-2889,CocoNazc,GALA17,1003,Galapagos
GALA2,1.203,1.478,-102.163,-101.494,80.4098,39.05,9.26,-2791,298,1089,10,-3384,-2295,CocoNazc,NA,NA,NA
GALA3,2.276,2.153,-101.551,-100.315,138.0237,40.29,6.96,-3679,328,1399,10,-4626,-3227,CocoNazc,GALA3,1023,Galapagos
GALA4,2.248,2.181,-100.292,-98.973,146.7775,42.37,6.67,-3155,306,1337,10,-3801,-2464,CocoNazc,GALA4,883,Galapagos
GALA5,2.202,2.286,-98.965,-97.857,123.4778,44.3,6.36,-3026,318,1375,10,-3769,-2394,CocoNazc,GALA5,755,Galapagos
GALA6,2.178,2.105,-97.809,-96.499,145.7903,46.29,6.34,-3223,165,787,10,-3752,-2965,CocoNazc,GALA6,620,Galapagos
GALA7,2.35,2.305,-96.47,-95.631,93.4022,47.97,5.81,-2865,140,604,10,-3270,-2666,CocoNazc,GALA7,519,Galapagos
GALA8,2.308,2.362,-95.618,-95.351,30.2771,48.84,5.71,-2952,126,401,10,-3174,-2773,CocoNazc,GALA8,466,Galapagos
GALA9,2.649,2.48,-95.412,-93.261,239.7319,50.57,5.16,-2584,279,1124,10,-3351,-2228,CocoNazc,GALA9,386,Galapagos
JUAN1,51.535,51.367,-130.754,-131.085,29.5815,54.6,NA,-2074,176,564,10,-2459,-1895,JFPA,JUAN1,327,Bowie
JUAN10,46.246,45.546,-129.896,-130.123,79.7941,50.4,NA,-1904,224,806,NA,-2310,-1504,JFPA,JUAN10,12,Juan
JUAN11,45.556,45.061,-129.931,-130.223,59.6724,50,NA,-2431,30,155,NA,-2520,-2365,JFPA,JUAN11,77,Juan
JUAN12,45.084,44.525,-130.164,-130.456,66.2688,49.5,NA,-2190,58,242,10,-2339,-2097,JFPA,JUAN12,135,Juan
JUAN13,43.84,43.702,-128.696,-128.729,15.5063,49,NA,-3452,56,203,10,-3509,-3305,JFPA,NA,NA,NA
JUAN14,43.402,43.288,-127.719,-127.794,14.0925,48.8,NA,-2812,214,891,10,-3044,-2154,JFPA,NA,NA,NA
JUAN15,42.998,42.433,-126.585,-126.925,68.7427,48.6,NA,-3365,259,938,10,-3974,-3036,JFPA,JUAN15,447,Juan
JUAN16,42.427,41.61,-127.019,-127.262,93.0485,47.9,NA,-3370,174,614,10,-3714,-3100,JFPA,JUAN16,498,Juan
JUAN17,41.543,40.455,-127.453,-127.496,121.0117,47,NA,-3243,100,461,10,-3452,-2991,JFPA,JUAN17,592,Juan
JUAN2,50.914,50.746,-130.306,-130.583,26.9714,54.2,NA,-2327,104,291,10,-2476,-2185,JFPA,NA,NA,NA
JUAN3,50.347,50.114,-130.051,-130.381,34.9524,53.8,NA,-2225,123,435,10,-2453,-2018,JFPA,JUAN3,451,Bowie
JUAN4,49.982,49.249,-130.071,-130.668,92.1378,53.3,NA,-2334,316,1125,10,-2895,-1769,JFPA,JUAN4,403,Juan
JUAN5,48.74,48.324,-128.904,-129.125,48.9835,52.7,NA,-2929,98,462,10,-3057,-2594,JFPA,JUAN5,291,Juan
JUAN6,48.252,48.11,-128.951,-129.046,17.3809,52.4,NA,-2684,54,239,10,-2773,-2534,JFPA,NA,NA,NA
JUAN7,48.1,47.645,-129.011,-129.315,55.4423,52.1,NA,-2368,215,655,10,-2717,-2062,JFPA,JUAN7,218,Juan
JUAN8,47.515,46.534,-128.876,-129.492,118.5932,51.5,NA,-2516,119,426,10,-2691,-2265,JFPA,JUAN8,130,Juan
JUAN9,46.551,46.051,-129.565,-129.87,60.2918,50.8,NA,-2260,102,371,NA,-2476,-2105,JFPA,NA,NA,NA
MARR1,81.911,82.325,-5.049,-3.663,50.6041,13.06,122.06,-3851,198,688,10,-4043,-3355,NoamEura,NA,NA,NA
MARR2,81.421,81.77,-4.502,-3.291,43.469,13.19,122.03,-3468,363,1205,10,-3994,-2789,NoamEura,NA,NA,NA
MARR3,81.24,80.986,-1.93,-2.891,32.6795,13.29,122.85,-3542,233,712,10,-3925,-3213,NoamEura,NA,NA,NA
MARR4,80.855,80.368,-0.868,-2.388,60.7356,13.41,123.08,-3534,508,1605,10,-4256,-2651,NoamEura,NA,NA,NA
MARR5,80.475,80.181,1.841,0.361,42.7676,13.4,125.01,-2692,164,501,10,-3038,-2537,NoamEura,NA,NA,NA
MARR6,79.585,79.089,4.083,2.543,63.6124,13.6,125.93,-3851,1005,3253,10,-5554,-2301,NoamEura,NA,NA,NA
MARR7,78.451,76.879,7.516,7.629,174.8302,13.87,127.79,-3123,242,1070,10,-3556,-2486,NoamEura,MARR7,870,Jan
MARR8,76.805,76.48,7.606,7.039,38.9731,14.15,126.78,-2979,212,722,10,-3311,-2589,NoamEura,MARR8,782,Jan
MARR9,76.446,75.386,6.978,7.456,118.5848,14.34,126.14,-3172,106,430,10,-3422,-2992,NoamEura,MARR9,724,Jan
MARR10,75.327,74.698,7.743,8.412,72.5198,14.53,126.08,-3233,171,627,10,-3473,-2847,NoamEura,NA,NA,NA
MARR11,74.688,73.648,8.89,8.494,116.2097,14.72,125.89,-2905,139,554,10,-3121,-2566,NoamEura,NA,NA,NA
MARR12,73.316,73.621,7.01,8.405,55.6734,14.95,124.72,-2733,179,588,10,-2999,-2411,NoamEura,MARR12,597,Jan
MARR13,72.585,73.287,3.186,6.881,143.5407,15.22,122.57,-2960,231,1201,10,-3353,-2152,NoamEura,MARR13,496,Jan
MARR14,72.139,72.574,0.189,3.225,113.1431,15.53,120.02,-2879,246,939,10,-3340,-2401,NoamEura,MARR14,371,Jan
MARR15,71.86,72.119,-1.543,0.098,63.3638,15.74,118.23,-2720,130,445,10,-2936,-2492,NoamEura,MARR15,279,Jan
MARR16,71.73,71.88,-2.679,-1.853,33.1626,15.85,117.13,-2364,172,592,10,-2718,-2127,NoamEura,MARR16,222,Jan
MARR17,71.556,71.718,-3.778,-2.744,40.4782,15.94,116.41,-2206,176,629,10,-2639,-2010,NoamEura,MARR17,183,Jan
MARR18,71.564,71.367,-3.907,-4.979,43.7875,16.03,115.56,-2329,266,878,10,-2665,-1787,NoamEura,MARR18,137,Jan
MARR19,71.368,70.908,-5.144,-6.334,66.6793,16.17,114.59,-1768,537,1745,10,-2747,-1001,NoamEura,MARR19,83,Jan
MARR20,70.656,71.657,-14.001,-12.252,127.8024,16.43,109.87,-1303,527,1611,10,-2273,-662,NoamEura,MARR20,186,Jan
MARR21,69.996,70.704,-15.578,-14.633,86.24,16.71,108.35,-1385,338,1263,10,-2245,-982,NoamEura,MARR21,271,Jan
MARR22,69.968,68.887,-15.363,-16.707,131.1053,16.99,107.5,-1066,192,806,10,-1593,-787,NoamEura,MARR22,349,Jan
MARR23,68.88,67.88,-17.588,-18.404,116.1281,17.32,106.01,-827,233,841,10,-1386,-546,NoamEura,MARR23,386,Iceland
MARR24,67.841,66.982,-18.494,-18.786,96.2305,17.59,105.39,-326,73,321,10,-523,-203,NoamEura,MARR24e,275,Iceland
MARR25,66.956,66.775,-18.077,-18.27,21.9134,17.72,105.54,-302,40,142,10,-389,-248,NoamEura,MARR25,223,Iceland
MARR26,66.646,66.352,-17.453,-17.722,34.7902,17.79,105.8,-259,36,128,10,-327,-199,NoamEura,NA,NA,NA
MARR27,66.259,65.297,-16.495,-17.035,109.7607,17.95,106.12,289,189,585,10,-35,550,NoamEura,MARR27,173,Iceland
MARR28,64.403,65.265,-18.029,-16.649,115.9143,18.2,105.58,1025,252,891,10,551,1442,NoamEura,MARR28e,127,Iceland
MARR29,64.394,63.847,-18.061,-19.289,85.1086,18.42,104.66,696,112,477,10,549,1025,NoamEura,MARR29,116,Iceland
MARR30,64.099,63.822,-21.196,-19.371,94.2576,18.5,103.72,238,212,608,10,42,650,NoamEura,MARR30,116,Iceland
MARR31,63.903,64.152,-21.908,-21.175,45.2164,18.51,103.01,385,126,424,10,101,524,NoamEura,MARR31e,131,Iceland
MARR32,63.656,63.975,-23.057,-22.207,54.749,18.59,102.35,-45,121,363,10,-233,129,NoamEura,MARR32e,183,Iceland
MARR33,63.019,63.707,-24.678,-23.24,104.8138,18.73,101.53,-203,84,349,10,-414,-65,NoamEura,MARR33,264,Iceland
MARR34,62.669,62.997,-25.389,-24.745,48.9859,18.88,100.83,-543,81,367,10,-692,-324,NoamEura,MARR34,345,Iceland
MARR35,62.117,62.662,-26.28,-25.382,76.2833,19,100.34,-663,86,333,10,-798,-465,NoamEura,MARR35,408,Iceland
MARR36,62.11,61.839,-26.3,-26.793,39.6639,19.11,99.89,-769,128,584,10,-1045,-462,NoamEura,MARR36,467,Iceland
MARR37,61.493,61.832,-27.2,-26.802,43.1627,19.19,99.6,-811,84,442,10,-1025,-583,NoamEura,MARR37,509,Iceland
MARR38,60.813,61.513,-28.308,-27.349,93.3541,19.32,99.08,-892,84,426,10,-1102,-676,NoamEura,MARR38,580,Iceland
MARR39,60.432,60.799,-28.754,-28.394,45.2798,19.45,98.62,-738,97,567,10,-973,-406,NoamEura,MARR39,653,Iceland
MARR40,60.123,60.493,-29.214,-28.84,46.0606,19.53,98.34,-886,109,461,10,-1103,-642,NoamEura,MARR40,695,Iceland
MARR41,59.7,60.127,-29.928,-29.305,58.9062,19.62,97.98,-965,118,584,10,-1222,-638,NoamEura,MARR41,750,Iceland
MARR42,59.084,59.649,-30.791,-29.919,79.8869,19.75,97.53,-1209,110,667,10,-1459,-791,NoamEura,MARR42,823,Iceland
MARR43,58.81,59.052,-31.022,-30.859,28.541,19.85,97.18,-1294,92,388,10,-1526,-1137,NoamEura,MARR43,882,Iceland
MARR44,58.807,58.606,-31.204,-31.458,26.803,19.91,96.95,-1618,181,689,10,-1916,-1227,NoamEura,MARR44,915,Iceland
MARR45,58.599,58.39,-31.485,-31.644,24.9177,19.96,96.81,-1441,90,398,NA,-1651,-1253,NoamEura,MARR45,943,Iceland
MARR46,58.435,57.645,-31.706,-32.805,109.0847,20.06,96.41,-1848,148,646,10,-2240,-1594,NoamEura,MARR46,1007,Iceland
MARR47,57.637,56.845,-32.828,-33.956,111.1633,20.24,95.75,-2238,221,937,10,-2745,-1808,NoamEura,MARR47,1119,Iceland
MARR48,56.768,55.824,-34.313,-34.565,106.0627,20.44,95.15,-1962,285,1084,10,-2627,-1543,NoamEura,NA,NA,NA
MARR49,55.778,55.083,-34.936,-35.278,80.2507,20.61,94.76,-2406,135,618,10,-2749,-2130,NoamEura,NA,NA,NA
MARR50,55.066,54.406,-35.189,-35.278,73.6334,20.74,94.66,-2239,168,582,10,-2516,-1934,NoamEura,MARR50,1415,Iceland
MARR51,54.315,53.484,-35.115,-35.367,93.8939,20.9,94.62,-2500,158,528,10,-2724,-2196,NoamEura,NA,NA,NA
MARR52,53.48,53.16,-35.389,-35.077,41.1163,21,94.61,-2389,373,1113,10,-2869,-1756,NoamEura,MARR52,1553,Iceland
MARR53,53.174,52.668,-35.092,-34.944,57.1277,21.07,94.7,-3081,234,731,10,-3547,-2816,NoamEura,MARR53,1586,Iceland
MARR54,52.573,52.179,-31.743,-31.773,43.8905,21.13,96.33,-3518,389,1064,10,-4157,-3093,NoamEura,NA,NA,NA
MARR55,52.051,51.578,-29.991,-29.932,52.7313,21.2,97.21,-3503,278,1083,10,-4026,-2943,NoamEura,MARR55,1433,Azores
MARR56,51.31,51.62,-29.969,-29.932,34.5661,21.26,97.2,-3516,238,678,10,-3836,-3159,NoamEura,MARR56,1394,Azores
MARR57,51.31,51.072,-29.976,-29.984,26.3917,21.31,97.16,-3309,156,492,10,-3598,-3106,NoamEura,MARR57,1364,Azores
MARR58,50.632,51.049,-29.746,-29.939,48.3527,21.36,97.21,-3476,88,296,10,-3621,-3325,NoamEura,NA,NA,NA
MARR59,50.608,50.391,-29.627,-29.442,27.4984,21.41,97.35,-3479,94,312,10,-3670,-3358,NoamEura,MARR59,1284,Azores
MARR60,50.353,50.168,-29.308,-28.974,31.4276,21.45,97.53,-3615,277,736,10,-3907,-3171,NoamEura,NA,NA,NA
MARR61,49.815,50.192,-28.81,-28.989,43.8231,21.49,97.64,-3613,280,812,10,-3995,-3182,NoamEura,MARR61,1226,Azores
MARR62,49.805,49.699,-28.773,-28.439,26.7159,21.52,97.77,-3789,122,355,10,-3956,-3601,NoamEura,MARR62,1197,Azores
MARR63,49.68,49.173,-28.454,-28.395,56.5504,21.57,97.84,-3456,124,391,10,-3647,-3256,NoamEura,NA,NA,NA
MARR64,49.212,48.773,-28.395,-27.927,59.5176,21.63,97.94,-3569,170,537,10,-3861,-3323,NoamEura,NA,NA,NA
MARR65,48.798,48.118,-27.986,-27.815,76.6104,21.71,98.04,-2912,569,1662,10,-3618,-1956,NoamEura,NA,NA,NA
MARR66,48.118,47.994,-27.815,-27.504,26.9712,21.76,98.14,-3165,147,454,10,-3486,-3031,NoamEura,NA,NA,NA
MARR67,48.009,47.6,-27.548,-27.555,45.471,21.8,98.17,-3270,127,433,10,-3507,-3074,NoamEura,MARR67,980,Azores
MARR68,47.55,47.198,-27.325,-27.318,39.1446,21.86,98.26,-3336,142,522,10,-3630,-3108,NoamEura,NA,NA,NA
MARR69,47.173,46.528,-27.281,-27.37,72.0401,21.93,98.23,-3289,210,845,10,-3853,-3008,NoamEura,MARR69,875,Azores
MARR70,46.525,45.993,-27.38,-27.567,60.9243,22.01,98.13,-2969,140,478,10,-3291,-2813,NoamEura,MARR70,808,Azores
MARR71,45.93,45.594,-27.735,-27.819,37.9076,22.08,97.96,-3129,223,782,10,-3457,-2675,NoamEura,NA,NA,NA
MARR72,45.59,45.307,-27.819,-27.934,32.6856,22.13,97.9,-2965,132,469,10,-3156,-2687,NoamEura,NA,NA,NA
MARR73,44.6,45.314,-28.164,-27.971,80.898,22.19,97.79,-2769,215,782,10,-3123,-2341,NoamEura,MARR73,662,Azores
MARR74,44.594,43.731,-28.202,-28.521,99.2707,22.29,97.61,-2950,174,976,10,-3306,-2330,NoamEura,NA,NA,NA
MARR75,43.667,43.225,-28.899,-28.996,49.774,22.38,97.3,-2937,267,720,10,-3301,-2580,NoamEura,MARR75,501,Azores
MARR76,43.149,42.78,-29.3,-29.33,41.1575,22.44,97.11,-2701,236,665,10,-3008,-2342,NoamEura,MARR76,454,Azores
MARR77,42.778,42.308,-29.324,-29.39,52.5312,22.49,97.08,-2858,132,498,10,-3084,-2586,NoamEura,MARR77,410,Azores
MARR78,42.238,41.962,-29.211,-29.241,30.732,22.53,97.13,-2574,237,729,10,-2993,-2264,NoamEura,NA,NA,NA
MARR79,41.951,41.413,-29.248,-29.271,59.8404,22.58,97.1,-2463,152,703,10,-2972,-2270,NoamEura,MARR79,317,Azores
MARR80,41.436,40.64,-29.338,-29.278,88.5846,22.64,97.05,-2390,130,440,10,-2632,-2192,NoamEura,MARR80,253,Azores
MARR81,40.596,39.994,-29.483,-29.669,68.7346,22.72,96.91,-2605,152,538,10,-2956,-2418,NoamEura,MARR81,197,Azores
MARR82,39.966,39.492,-29.679,-29.753,53.088,22.77,96.82,-2030,138,499,10,-2387,-1888,NoamEura,MARR82,168,Azores
MARR83,39.458,38.43,-29.887,-30.273,119.0876,19.76,104.12,-1560,446,1708,10,-2822,-1115,AfriNoam,MARR83,180,Azores
MARR84,38.564,38.045,-30.548,-30.704,59.2485,19.98,104.01,-1561,436,1452,10,-2292,-840,AfriNoam,MARR84,241,Azores
MARR85,38.139,37.582,-31.394,-31.61,64.7448,20.17,103.96,-1617,419,1335,10,-2221,-886,AfriNoam,MARR85,330,Azores
MARR86,37.554,37.038,-32.208,-32.328,58.3708,20.38,103.88,-2585,474,1759,10,-3357,-1599,AfriNoam,MARR86,418,Azores
MARR87,37.097,36.928,-32.863,-32.957,20.604,20.49,103.85,-2885,136,425,10,-3152,-2727,AfriNoam,MARR87,484,Azores
MARR88,36.939,36.56,-33.218,-33.342,43.5432,20.59,103.82,-2675,269,922,10,-3167,-2245,AfriNoam,MARR88b,527,Azores
MARR89,36.659,36.245,-33.603,-33.763,48.2316,20.7,103.78,-2700,197,809,10,-3031,-2222,AfriNoam,MARR89,574,Azores
MARR90,36.095,36.253,-34.082,-33.792,31.4057,20.79,103.73,-2714,338,1159,10,-3172,-2013,AfriNoam,MARR90,610,Azores
MARR91,36.074,35.664,-34.118,-34.268,47.498,20.89,103.69,-2526,137,734,10,-3067,-2333,AfriNoam,MARR91,648,Azores
MARR92,35.625,35.021,-34.776,-34.962,69.2254,21.08,103.61,-3083,502,2027,10,-4130,-2102,AfriNoam,MARR92,733,Azores
MARR93,35.28,34.493,-36.325,-36.534,89.4808,21.29,103.59,-2804,475,1672,10,-3881,-2209,AfriNoam,MARR93,873,Great
MARR94,34.509,34.078,-37.026,-37.205,50.6765,21.49,103.5,-3133,134,548,10,-3465,-2916,AfriNoam,MARR94,852,Great
MARR95,34.111,33.7,-37.632,-37.76,47.217,21.62,103.45,-3377,260,865,10,-3796,-2931,AfriNoam,MARR95,852,Great
MARR96,33.694,33.591,-38.183,-38.239,12.559,21.72,103.42,-4166,250,638,10,-4535,-3897,AfriNoam,MARR96,863,Great
MARR97,33.713,33.145,-39.103,-39.256,64.8062,21.82,103.41,-2638,305,1042,10,-3185,-2143,AfriNoam,MARR97,914,Great
MARR98,32.857,33.155,-39.804,-39.256,60.8801,21.95,103.35,-3265,345,1660,10,-3980,-2320,AfriNoam,NA,NA,NA
MARR99,32.846,32.676,-39.807,-39.875,19.9589,22.03,103.31,-3026,131,530,10,-3416,-2886,AfriNoam,NA,NA,NA
MARR100,32.319,32.657,-40.139,-40.064,38.2584,22.11,103.28,-3063,217,762,10,-3465,-2702,AfriNoam,NA,NA,NA
MARR101,32.165,32.303,-40.361,-40.139,25.8759,22.18,103.24,-3470,167,586,10,-3706,-3120,AfriNoam,MARR101,922,Great
MARR102,32.162,31.813,-40.377,-40.54,41.6789,22.26,103.2,-2926,238,813,10,-3407,-2594,AfriNoam,NA,NA,NA
MARR103,31.522,31.816,-41.036,-40.537,57.4261,22.35,103.16,-3527,306,1099,NA,-3932,-2834,AfriNoam,NA,NA,NA
MARR104,31.478,31.143,-41.052,-41.228,40.7496,22.46,103.12,-3481,124,503,10,-3721,-3218,AfriNoam,NA,NA,NA
MARR105,31.177,30.805,-41.362,-41.6,47.1481,22.55,103.07,-3406,181,751,10,-3810,-3059,AfriNoam,NA,NA,NA
MARR106,30.83,30.587,-41.701,-41.825,29.5842,22.63,103.04,-3401,57,275,10,-3529,-3254,AfriNoam,MARR106,993,Great
MARR107,30.022,30.589,-42.013,-41.863,64.7125,22.74,102.98,-3727,633,2504,10,-4979,-2475,AfriNoam,MARR107,998,Great
MARR108,30.125,29.369,-42.657,-42.904,87.4282,22.91,102.92,-3630,591,2896,10,-4958,-2062,AfriNoam,MARR108b,1067,Great
MARR109,29.362,28.905,-43.107,-43.247,52.6129,23.07,102.84,-3290,141,534,10,-3641,-3108,AfriNoam,MARR109b,1098,Great
MARR110,28.889,28.648,-43.254,-43.61,43.7932,23.16,102.79,-3581,133,618,10,-3893,-3275,AfriNoam,MARR110b,1121,Great
MARR111,28.646,28.159,-43.612,-43.865,59.5522,23.26,102.75,-3459,208,829,10,-3962,-3133,AfriNoam,MARR111b,1151,Great
MARR112,28.159,27.736,-43.913,-44.051,48.9925,23.37,102.7,-3477,228,782,10,-3841,-3059,AfriNoam,MARR112b,1176,Great
MARR113,27.681,27.117,-44.128,-44.346,66.3025,23.5,102.63,-3656,300,1024,10,-4120,-3096,AfriNoam,MARR113b,1206,Great
MARR114,26.593,27.111,-44.589,-44.451,59.2229,23.63,102.57,-3658,192,658,10,-3996,-3338,AfriNoam,MARR114b,1242,Great
MARR115,26.579,26.37,-44.593,-44.661,24.2132,23.71,102.53,-3811,139,576,10,-4201,-3625,AfriNoam,MARR115b,1259,Great
MARR116,26.359,26.009,-44.665,-44.881,44.5172,23.78,102.5,-3926,360,1300,10,-4395,-3095,AfriNoam,MARR116,1280,Great
MARR117,26.013,25.634,-44.881,-45.225,54.4498,23.87,102.46,-3829,331,1252,10,-4400,-3148,AfriNoam,MARR117b,1316,Great
MARR118,25.588,24.909,-45.256,-45.503,79.407,23.99,102.4,-3740,416,1370,10,-4393,-3023,AfriNoam,MARR118b,1364,Great
MARR119,24.587,24.891,-46.129,-45.667,57.5945,24.11,102.35,-4272,196,923,10,-4684,-3761,AfriNoam,MARR119,1430,Great
MARR120,24.594,23.852,-46.199,-46.345,83.7733,24.23,102.3,-4371,275,1109,10,-5010,-3901,AfriNoam,MARR120,1484,Great
MARR121,23.641,23.123,-44.905,-44.988,58.1921,24.34,102.21,-3957,544,1818,10,-5216,-3398,AfriNoam,MARR121,1394,Great
MARR122,23.127,22.725,-44.937,-44.972,44.7765,24.42,102.17,-3668,218,765,10,-4092,-3328,AfriNoam,MARR122,1416,Great
MARR123,22.693,22.093,-45.001,-45.138,68.1679,24.52,102.12,-3952,199,970,10,-4327,-3357,AfriNoam,MARR123,1454,Great
MARR124,22.072,21.437,-45.19,-45.316,71.8709,24.64,102.07,-3226,326,1056,10,-3760,-2703,AfriNoam,MARR124,1505,Great
MARR125,21.408,21.006,-45.722,-45.791,45.3135,24.75,102.02,-3918,191,848,10,-4324,-3476,AfriNoam,MARR125,1581,Great
MARR126,20.913,20.685,-45.674,-45.718,25.822,24.82,101.99,-3494,132,551,10,-3731,-3180,AfriNoam,MARR126,1600,Great
MARR127,20.668,20.341,-45.595,-45.687,37.5458,24.87,101.96,-2770,481,1508,10,-3440,-1932,AfriNoam,MARR127,1613,Great
MARR128,20.37,19.789,-45.648,-45.73,65.2135,24.94,101.93,-4029,199,876,10,-4339,-3464,AfriNoam,MARR128,1644,Great
MARR129,19.814,18.901,-45.911,-46.067,102.7877,23.68,94.42,-3551,233,1155,10,-4071,-2916,AfriSoam,MARR129,1716,Great
MARR130,18.909,18.496,-46.24,-46.349,47.3234,23.97,94.57,-3820,169,707,10,-4206,-3499,AfriSoam,NA,NA,NA
MARR131,18.525,17.908,-46.606,-46.746,70.1607,24.19,94.78,-3907,300,1026,10,-4513,-3487,AfriSoam,NA,NA,NA
MARR132,17.879,17.622,-46.733,-46.41,44.5614,24.39,94.67,-4208,291,946,10,-4712,-3766,AfriSoam,NA,NA,NA
MARR133,17.651,16.997,-46.384,-46.502,73.6993,24.56,94.56,-3714,378,1801,10,-4356,-2555,AfriSoam,NA,NA,NA
MARR134,16.91,16.262,-46.423,-46.628,75.2264,24.87,94.55,-3925,527,1684,10,-4780,-3096,AfriSoam,NA,NA,NA
MARR135,16.237,15.399,-46.641,-46.611,93.3163,25.19,94.56,-3796,556,2085,10,-5114,-3030,AfriSoam,MARR135,2024,Great
MARR136,15.196,14.751,-44.8,-45.078,57.8271,25.49,93.46,-4075,430,1435,10,-5065,-3630,AfriSoam,NA,NA,NA
MARR137,14.734,13.693,-45.072,-45,115.9748,25.8,93.47,-3297,310,1116,10,-4033,-2917,AfriSoam,MARR137,2041,Great
MARR138,13.63,12.736,-44.884,-44.865,99.4416,26.2,93.32,-3367,431,1562,10,-4091,-2529,AfriSoam,NA,NA,NA
MARR139,12.603,12.136,-44.05,-44.05,51.9836,26.5,92.79,-4339,182,594,10,-4637,-4043,AfriSoam,NA,NA,NA
MARR140,12.168,11.858,-43.966,-43.733,42.77,26.63,92.66,-3621,734,2102,10,-4732,-2629,AfriSoam,NA,NA,NA
MARR141,11.883,10.849,-43.733,-43.7,114.9742,26.87,92.56,-4416,449,1662,10,-5302,-3641,AfriSoam,NA,NA,NA
MARR142,10.76,10.124,-40.887,-40.932,70.8933,27.19,90.88,-4261,291,1117,10,-4904,-3787,AfriSoam,NA,NA,NA
MARR143,10.135,9.992,-40.928,-40.73,26.8721,27.33,90.83,-4284,93,528,10,-4516,-3988,AfriSoam,NA,NA,NA
MARR144,9.978,9.481,-40.719,-40.68,55.4516,27.45,90.75,-3805,395,1454,10,-4664,-3209,AfriSoam,NA,NA,NA
MARR145,9.474,9.382,-40.673,-40.522,19.4705,27.56,90.69,-3922,68,208,10,-4074,-3866,AfriSoam,NA,NA,NA
MARR146,9.372,8.874,-40.499,-40.499,55.3862,27.67,90.63,-4348,145,738,10,-4811,-4073,AfriSoam,NA,NA,NA
MARR147,8.817,8.247,-39.632,-39.658,63.3618,27.88,90.14,-3495,947,3157,10,-5216,-2059,AfriSoam,NA,NA,NA
MARR148,8.119,7.748,-38.054,-38.067,41.3367,28.09,89.24,-4349,348,1215,10,-5135,-3920,AfriSoam,MARR148,1488,Fernando
MARR149,7.741,7.498,-36.793,-36.793,27.0871,28.21,88.53,-4642,125,381,10,-4848,-4467,AfriSoam,NA,NA,NA
MARR150,7.427,7.203,-34.639,-34.639,24.9655,28.34,87.33,-4596,151,617,10,-4920,-4302,AfriSoam,NA,NA,NA
MARR151,7.164,6.882,-33.889,-33.999,33.6705,28.45,86.95,-3992,143,469,10,-4259,-3790,AfriSoam,MARR151,1245,Fernando
MARR152,6.81,6.207,-33.835,-33.747,67.7732,28.63,86.88,-4238,105,363,10,-4438,-4075,AfriSoam,NA,NA,NA
MARR153,6.188,5.853,-33.32,-33.262,37.7441,28.8,86.63,-3726,192,593,10,-4066,-3474,AfriSoam,MARR153,1123,Fernando
MARR154,5.783,5.268,-33.022,-32.815,61.6793,28.97,86.44,-3289,264,779,10,-3696,-2917,AfriSoam,NA,NA,NA
MARR155,5.306,3.933,-32.803,-32.55,155.2201,29.26,86.35,-3895,313,1552,10,-5023,-3471,AfriSoam,MARR155,961,Fernando
MARR156,3.977,3.559,-31.53,-31.534,46.495,29.55,85.77,-3884,287,1013,10,-4400,-3387,AfriSoam,MARR156,865,Fernando
MARR157,3.555,3.438,-31.526,-31.45,15.4999,29.64,85.76,-3874,117,405,10,-4023,-3618,AfriSoam,MARR157,835,Fernando
MARR158,3.436,3.152,-31.406,-31.341,32.3978,29.7,85.71,-3727,198,694,10,-3981,-3287,AfriSoam,NA,NA,NA
MARR159,3.191,2.655,-31.347,-31.283,60.0441,29.82,85.69,-3600,162,596,10,-3900,-3304,AfriSoam,MARR159,774,Fernando
MARR160,2.654,2.565,-31.264,-30.805,51.9603,29.92,85.56,-3500,222,870,10,-4145,-3275,AfriSoam,NA,NA,NA
MARR161,2.563,1.573,-30.776,-30.671,110.6958,30.08,85.42,-3069,393,1441,10,-3734,-2293,AfriSoam,MARR161,689,Fernando
MARR162,1.523,1.293,-30.686,-30.54,30.3209,30.28,85.39,-3363,274,1149,10,-4086,-2936,AfriSoam,MARR162,621,Fernando
MARR163,1.282,0.783,-30.497,-30.397,56.6562,30.39,85.32,-3300,430,1675,10,-4268,-2593,AfriSoam,MARR163,586,Fernando
MARR164,1.052,0.825,-27.691,-27.676,25.2542,30.49,83.91,-4413,162,516,10,-4654,-4137,AfriSoam,MARR164,729,Fernando
MARR165,0.904,0.683,-26.371,-26.358,24.6449,30.57,83.26,-4756,115,370,10,-4973,-4603,AfriSoam,MARR165,822,Fernando
MARR166,0.787,0.53,-25.489,-25.462,28.7095,30.64,82.82,-4585,194,565,10,-4966,-4401,AfriSoam,MARR166,891,Fernando
MARR167,0.57,-1.149,-25.065,-24.527,200.3271,30.91,82.54,-3798,298,1797,10,-4943,-3146,AfriSoam,MARR167,900,Fernando
MARR168,-0.229,0.202,-16.28,-16.837,78.3176,31.2,78.58,-3950,381,1674,10,-5057,-3383,AfriSoam,MARR168,932,Ascension
MARR169,-0.223,-0.643,-16.239,-16.015,52.867,31.32,78.42,-3731,368,1254,10,-4332,-3078,AfriSoam,MARR169,874,Ascension
MARR170,-0.689,-1.544,-16.073,-15.855,98.1983,31.5,78.41,-4054,392,1665,10,-5231,-3566,AfriSoam,MARR170,796,Ascension
MARR171,-0.89,-1.562,-13.155,-12.971,77.4579,31.67,77.12,-4055,284,1307,10,-4954,-3646,AfriSoam,MARR171,760,Ascension
MARR172,-1.556,-2.021,-12.994,-12.919,52.3728,31.81,77.12,-3913,157,704,10,-4143,-3439,AfriSoam,MARR172,700,Ascension
MARR173,-1.998,-2.296,-12.695,-12.575,35.7948,31.9,77.02,-3970,124,417,10,-4212,-3795,AfriSoam,MARR173,668,Ascension
MARR174,-2.337,-3.008,-12.305,-12.04,80.2115,32.04,76.86,-3597,243,1047,10,-4261,-3214,AfriSoam,MARR174,626,Ascension
MARR175,-3.111,-3.891,-12.299,-12.058,90.7471,32.22,76.94,-3595,171,529,10,-3768,-3239,AfriSoam,MARR175,539,Ascension
MARR176,-3.898,-4.042,-12.082,-12.239,23.6546,32.31,76.97,-4073,137,434,10,-4231,-3797,AfriSoam,NA,NA,NA
MARR177,-4.069,-4.567,-12.264,-12.374,56.7192,32.38,77.07,-3199,298,1253,10,-4016,-2763,AfriSoam,MARR177,450,Ascension
MARR178,-4.613,-5.111,-12.483,-12.282,59.6843,32.48,77.14,-3088,314,963,10,-3635,-2672,AfriSoam,NA,NA,NA
MARR179,-4.933,-5.86,-11.564,-11.512,103.1743,32.62,76.82,-3366,381,1324,10,-4104,-2780,AfriSoam,MARR179,397,Ascension
MARR180,-5.865,-6.659,-11.518,-11.282,92.015,32.79,76.83,-3297,417,1544,10,-4249,-2705,AfriSoam,MARR180,346,Ascension
MARR181,-7.11,-7.315,-13.023,-13.005,22.8924,32.89,77.58,-4486,166,567,10,-4763,-4196,AfriSoam,NA,NA,NA
MARR182,-7.44,-8.191,-13.482,-13.407,83.934,32.98,77.81,-3786,360,1717,10,-5026,-3309,AfriSoam,MARR182,64,Ascension
MARR183,-8.237,-9.311,-13.569,-13.308,122.808,33.14,77.86,-2654,378,1638,10,-3664,-2025,AfriSoam,MARR183,106,Ascension
MARR184,-9.307,-10.1,-13.312,-13.117,90.7293,33.29,77.82,-2162,337,1211,10,-2754,-1543,AfriSoam,MARR184,208,Ascension
MARR185,-11.526,-10.155,-12.894,-13.225,156.6878,33.47,77.82,-3248,215,1061,10,-3980,-2920,AfriSoam,MARR185,332,Ascension
MARR186,-11.828,-12.148,-14.418,-14.309,37.5301,33.59,78.43,-3507,169,511,10,-3766,-3256,AfriSoam,MARR186,445,Ascension
MARR187,-12.345,-13.493,-14.798,-14.424,133.8885,33.7,78.58,-3219,489,1877,10,-4249,-2373,AfriSoam,MARR187,551,Ascension
MARR188,-13.588,-14.123,-14.62,-14.424,63.1571,33.81,78.58,-3805,162,622,10,-4158,-3536,AfriSoam,MARR188,654,Ascension
MARR189,-13.992,-16.037,-13.665,-13.165,233.6607,33.96,78.15,-2885,317,1688,10,-3779,-2091,AfriSoam,MARR189,738,St
MARR190,-16.384,-17.96,-14.314,-14.091,176.8113,34.14,78.55,-3448,433,2074,10,-4564,-2490,AfriSoam,MARR190,616,St
MARR191,-17.676,-18.768,-12.974,-12.772,123.2338,34.24,78.02,-3750,419,1608,10,-4769,-3161,AfriSoam,MARR191,767,St
MARR192,-18.725,-19.247,-12.181,-12.108,58.5022,34.3,77.73,-2820,308,999,10,-3375,-2377,AfriSoam,NA,NA,NA
MARR193,-19.168,-20.041,-11.931,-11.9,97.0837,34.34,77.65,-3525,375,1398,10,-4116,-2717,AfriSoam,MARR193,901,St
MARR194,-20.089,-21.158,-11.861,-11.495,124.7656,34.39,77.57,-3618,424,1537,10,-4329,-2792,AfriSoam,MARR194,964,St
MARR195,-21.28,-22.111,-11.944,-11.67,96.6467,34.42,77.63,-3684,248,864,10,-4185,-3321,AfriSoam,MARR195,1005,St
MARR196,-22.363,-22.668,-12.819,-12.74,34.8694,34.44,78.05,-4209,236,697,10,-4554,-3857,AfriSoam,NA,NA,NA
MARR197,-22.923,-23.632,-13.676,-13.421,82.9958,34.45,78.38,-3875,261,1071,10,-4560,-3488,AfriSoam,MARR197,970,St
MARR198,-23.687,-24.437,-13.505,-13.263,86.9925,34.47,78.31,-3424,191,614,10,-3669,-3056,AfriSoam,NA,NA,NA
MARR199,-24.511,-24.806,-13.453,-13.33,35.0571,34.47,78.32,-3755,290,811,10,-4234,-3424,AfriSoam,MARR199,1094,St
MARR200,-24.936,-25.6,-13.761,-13.57,76.295,34.47,78.43,-3392,444,1829,10,-4326,-2498,AfriSoam,MARR200,1130,St
MARR201,-25.696,-26.603,-13.947,-13.724,103.3349,34.47,78.5,-3588,372,1664,10,-4178,-2514,AfriSoam,MARR201,1200,St
MARR202,-26.603,-27.362,-13.628,-13.437,86.4626,34.45,78.37,-3559,82,396,10,-3786,-3389,AfriSoam,MARR202,1123,Tristan
MARR203,-27.343,-28.298,-13.49,-13.176,110.5975,34.43,78.28,-3611,245,1080,10,-4173,-3094,AfriSoam,MARR203,1028,Tristan
MARR204,-28.186,-28.798,-12.676,-12.463,71.2218,34.41,77.95,-3629,243,909,10,-4059,-3150,AfriSoam,MARR204,948,Tristan
MARR205,-28.919,-29.129,-13.117,-13.08,23.5635,34.39,78.17,-3728,334,1112,10,-4476,-3364,AfriSoam,NA,NA,NA
MARR206,-29.254,-29.745,-13.761,-13.655,55.5374,34.37,78.42,-3577,137,458,10,-3812,-3354,AfriSoam,NA,NA,NA
MARR207,-29.828,-30.646,-13.883,-13.703,92.6136,34.34,78.44,-3230,248,1064,10,-3603,-2539,AfriSoam,MARR207,770,Tristan
MARR208,-30.633,-31.239,-13.548,-13.41,68.7631,34.3,78.3,-3487,141,844,10,-3914,-3070,AfriSoam,MARR208,688,Tristan
MARR209,-31.236,-31.354,-13.409,-13.486,15.0812,34.28,78.27,-3549,249,750,10,-3935,-3185,AfriSoam,NA,NA,NA
MARR210,-31.353,-32.082,-13.5,-13.298,83.2435,34.25,78.24,-3448,255,987,10,-3895,-2908,AfriSoam,MARR210,601,Tristan
MARR211,-32.329,-32.473,-14.304,-14.298,15.9865,34.21,78.62,-3805,82,338,10,-3984,-3646,AfriSoam,NA,NA,NA
MARR212,-32.536,-33.411,-14.543,-14.32,99.4696,34.17,78.66,-3146,436,1458,10,-3927,-2469,AfriSoam,MARR212,500,Tristan
MARR213,-33.42,-33.663,-14.329,-14.591,36.4126,34.13,78.66,-4115,188,756,10,-4587,-3831,AfriSoam,NA,NA,NA
MARR214,-33.646,-34.101,-14.57,-14.495,51.0578,34.1,78.68,-3772,237,829,10,-4307,-3478,AfriSoam,MARR214,417,Tristan
MARR215,-34.246,-34.461,-15.214,-15.182,24.1077,34.07,78.96,-3772,179,485,10,-3975,-3490,AfriSoam,NA,NA,NA
MARR216,-34.474,-34.702,-15.123,-15.086,25.5471,34.04,78.91,-3246,169,768,10,-3769,-3001,AfriSoam,MARR216,388,Tristan
MARR217,-34.785,-35.199,-15.219,-15.112,47.0549,34.01,78.92,-3495,350,1088,10,-4190,-3102,AfriSoam,NA,NA,NA
MARR218,-35.648,-36.323,-17.818,-17.548,78.8638,33.94,80.01,-3655,368,1268,10,-4221,-2953,AfriSoam,NA,NA,NA
MARR219,-36.362,-37.334,-17.451,-17.25,109.593,33.85,79.83,-3204,414,1508,10,-3758,-2250,AfriSoam,NA,NA,NA
MARR220,-37.418,-38.056,-17.515,-17.38,71.8644,33.74,79.84,-3520,334,1153,10,-4228,-3075,AfriSoam,NA,NA,NA
MARR221,-38.122,-38.407,-17.086,-17.11,31.7891,33.67,79.67,-3382,218,660,10,-3800,-3140,AfriSoam,NA,NA,NA
MARR222,-38.312,-38.549,-16.425,-16.383,26.628,33.64,79.35,-3614,552,1479,10,-4520,-3041,AfriSoam,NA,NA,NA
MARR223,-38.586,-39.148,-16.132,-15.847,67.1817,33.57,79.14,-3564,113,405,10,-3806,-3401,AfriSoam,NA,NA,NA
MARR224,-39.133,-39.339,-15.805,-16.006,28.6489,33.52,79.09,-3754,35,98,10,-3802,-3704,AfriSoam,NA,NA,NA
MARR225,-39.299,-39.702,-16.001,-15.913,45.3955,33.49,79.1,-3773,130,453,10,-4057,-3604,AfriSoam,NA,NA,NA
MARR226,-39.816,-40.308,-16.553,-16.437,55.5398,33.42,79.32,-3357,249,753,10,-3669,-2916,AfriSoam,NA,NA,NA
MARR227,-40.365,-41.159,-16.765,-16.793,88.298,33.32,79.41,-3306,170,814,10,-3687,-2873,AfriSoam,MARR227,588,Tristan
MARR228,-41.152,-41.547,-16.728,-16.602,45.1814,33.23,79.33,-3744,222,1402,10,-4735,-3333,AfriSoam,MARR228,629,Tristan
MARR229,-41.523,-41.798,-16.639,-16.229,45.759,33.17,79.21,-3276,245,1689,10,-3965,-2276,AfriSoam,NA,NA,NA
MARR230,-41.794,-42.437,-16.234,-15.996,74.1141,33.09,79.04,-3321,209,780,10,-3755,-2974,AfriSoam,MARR230,669,Tristan
MARR231,-43.3,-42.513,-16.161,-16.124,87.5626,32.96,79.01,-3493,352,1445,10,-4366,-2921,AfriSoam,NA,NA,NA
MARR232,-43.315,-44.456,-16.211,-15.955,128.5787,32.78,78.92,-3759,216,1001,10,-4199,-3198,AfriSoam,MARR232,840,Tristan
MARR233,-44.459,-44.688,-15.917,-15.456,44.5237,32.64,78.69,-3953,142,545,10,-4207,-3662,AfriSoam,NA,NA,NA
MARR234,-44.705,-45.317,-15.386,-15.069,72.5249,32.55,78.45,-3520,220,1042,10,-4032,-2990,AfriSoam,MARR234,931,Tristan
MARR235,-45.331,-45.907,-14.906,-14.487,71.9377,32.41,78.16,-3338,338,1454,10,-4205,-2751,AfriSoam,MARR235,984,Tristan
MARR236,-45.839,-46.053,-14.208,-14.045,26.911,32.33,77.87,-3627,97,432,10,-3835,-3403,AfriSoam,MARR236,1010,Tristan
MARR237,-46.072,-46.205,-13.993,-13.565,36.1562,32.28,77.69,-3549,256,880,10,-3919,-3039,AfriSoam,NA,NA,NA
MARR238,-46.156,-46.625,-13.607,-13.369,55.2529,32.22,77.53,-3015,216,772,10,-3315,-2543,AfriSoam,MARR238,1051,Tristan
MARR239,-46.623,-46.811,-13.368,-13.486,22.763,32.14,77.48,-3729,232,765,10,-3950,-3185,AfriSoam,NA,NA,NA
MARR240,-46.82,-47.296,-13.518,-13.35,54.4319,32.07,77.45,-3313,139,634,10,-3597,-2963,AfriSoam,MARR240,1125,Tristan
MARR241,-47.351,-47.576,-13.42,-13.353,25.56,31.98,77.39,-3356,159,576,10,-3646,-3070,AfriSoam,MARR241,1148,Meteor
MARR242,-46.982,-48.278,-10.551,-9.926,151.49,31.83,75.9,-2491,535,2041,10,-3766,-1724,AfriSoam,MARR242,940,Meteor
MARR243,-48.256,-48.502,-9.937,-10.144,31.3525,31.66,75.73,-3682,237,794,NA,-3978,-3184,AfriSoam,NA,NA,NA
MARR244,-48.465,-49.236,-10.223,-9.863,89.7303,31.55,75.68,-3368,446,1474,10,-4176,-2702,AfriSoam,MARR244,856,Meteor
MARR245,-48.97,-49.511,-8.409,-7.909,70.2578,31.38,74.75,-3690,215,972,10,-3994,-3022,AfriSoam,MARR245,715,Meteor
MARR246,-49.513,-49.701,-7.899,-8.062,23.9111,31.28,74.62,-4134,280,1158,10,-4755,-3597,AfriSoam,NA,NA,NA
MARR247,-49.696,-50.192,-8.099,-7.669,63.1378,31.19,74.53,-3800,264,1471,10,-4662,-3191,AfriSoam,MARR247,662,Meteor
MARR248,-50.066,-50.434,-7.103,-6.944,42.4211,31.08,74.08,-3531,190,800,10,-3847,-3046,AfriSoam,MARR248,592,Meteor
MARR249,-50.419,-51.253,-6.516,-6.063,98.0745,30.9,73.66,-2493,431,1390,10,-3040,-1650,AfriSoam,MARR249,522,Meteor
MARR250,-51.245,-52.312,-5.855,-5.243,125.8958,30.61,73.17,-2067,390,1423,10,-2973,-1550,AfriSoam,MARR250,450,Meteor
MARR251,-52.223,-53.599,-4.83,-3.704,170.62,30.24,72.37,-2336,464,1893,10,-3600,-1708,AfriSoam,MARR251,371,Meteor
MARR252,-53.398,-54.195,-3.12,-2.393,100.591,29.91,71.48,-2415,361,1266,10,-3030,-1764,AfriSoam,NA,NA,NA
MARR253,-53.973,-54.609,-1.615,-1.104,78.0903,29.69,70.71,-2387,196,734,10,-2833,-2100,AfriSoam,MARR253,221,Bouvet
MARR254,-54.559,-54.914,-0.992,-0.741,42.5806,29.53,70.38,-2333,354,1235,10,-2964,-1729,AfriSoam,MARR254,203,Bouvet
MARR255,-54.914,-55.491,-0.758,-0.698,64.3299,29.39,70.22,-2988,276,1073,10,-3675,-2601,AfriSoam,NA,NA,NA
PARR1,-35.104,-36.374,-110.815,-111.014,142.3109,94.53,101.59,-2719,205,694,10,-3139,-2445,PaciAnta,NA,NA,NA
PARR10,-48.492,-49.783,-113.297,-113.821,148.4946,87.12,103.74,-2359,66,398,10,-2678,-2281,PaciAnta,PARR10,1958,Louisville
PARR11,-49.363,-50.98,-116.7,-117.358,185.8713,85.94,105.43,-2455,209,787,10,-2957,-2171,PaciAnta,PARR11,1687,Louisville
PARR12,-50.967,-52.932,-117.486,-118.544,230.2932,84.44,106.14,-2562,149,578,10,-2934,-2356,PaciAnta,PARR12,1589,Louisville
PARR13,-53.095,-54.56,-117.681,-118.475,171.0188,82.9,106.47,-2629,203,830,10,-3210,-2380,PaciAnta,PARR13,1579,Louisville
PARR14,-54.379,-54.455,-119.409,-119.474,9.4594,82.2,107.21,-2866,53,183,10,-2958,-2775,PaciAnta,PARR14,1495,Louisville
PARR15,-54.211,-54.603,-120.718,-120.983,46.8927,81.99,107.87,-2464,66,305,10,-2619,-2314,PaciAnta,PARR15,1404,Louisville
PARR16,-54.632,-56.037,-120.819,-121.679,165.444,81.12,108.24,-2389,90,387,10,-2633,-2247,PaciAnta,PARR16,1396,Louisville
PARR17,-54.85,-55.344,-127.461,-127.753,57.9342,80.19,111.15,-2626,138,819,10,-3293,-2475,PaciAnta,PARR17,1002,Louisville
PARR18,-53.788,-54.666,-134.469,-135.2,108.5868,79.42,114.18,-2399,57,364,10,-2651,-2287,PaciAnta,PARR18,549,Louisville
PARR19,-54.158,-54.545,-137.024,-137.347,47.8432,78.75,115.24,-2265,60,287,10,-2465,-2177,PaciAnta,NA,NA,NA
PARR2,-36.424,-38.872,-110.498,-111.194,279.0902,93.82,101.65,-2403,151,724,10,-2898,-2174,PaciAnta,PARR2,1187,Easter
PARR20,-54.491,-55.709,-137.384,-138.383,149.5825,77.91,115.78,-2096,57,245,10,-2265,-2019,PaciAnta,NA,NA,NA
PARR21,-55.788,-56.318,-138.342,-138.944,69.8351,76.85,116.44,-2562,143,627,10,-2963,-2336,PaciAnta,PARR21,583,Louisville
PARR22,-56.215,-56.618,-139.252,-139.644,50.9253,76.31,116.92,-2769,80,307,10,-2917,-2610,PaciAnta,NA,NA,NA
PARR23,-56.628,-57.118,-139.6,-140.129,63.3283,75.78,117.27,-3444,197,1092,10,-4138,-3046,PaciAnta,PARR23,657,Louisville
PARR24,-55.694,-56.243,-144.76,-145.271,68.8906,75.19,119.21,-2719,182,846,10,-3295,-2449,PaciAnta,NA,NA,NA
PARR25,-56.222,-56.864,-145.402,-146.096,83.15,74.44,119.76,-2684,95,414,10,-2896,-2482,PaciAnta,NA,NA,NA
PARR26,-56.917,-57.847,-146.06,-146.991,117.4942,73.42,120.46,-2577,83,374,10,-2852,-2478,PaciAnta,NA,NA,NA
PARR27,-58.31,-57.475,-148.977,-147.942,111.2025,72.35,121.55,-2428,157,533,10,-2798,-2265,PaciAnta,NA,NA,NA
PARR28,-58.505,-59.709,-148.654,-150.329,164.5318,70.85,122.6,-2449,113,433,10,-2728,-2296,PaciAnta,NA,NA,NA
PARR29,-59.385,-61.112,-151.31,-153.426,224.727,68.8,124.53,-2438,92,352,10,-2624,-2272,PaciAnta,NA,NA,NA
PARR3,-38.882,-40.161,-111.2,-111.486,144.3402,92.97,101.96,-2339,123,590,10,-2656,-2066,PaciAnta,NA,NA,NA
PARR30,-61.172,-62.129,-153.363,-154.804,130.855,66.85,126.16,-2510,138,471,10,-2769,-2298,PaciAnta,NA,NA,NA
PARR31,-63.174,-61.995,-157.526,-155.477,167.9064,65.09,127.93,-2347,216,1330,10,-3099,-1769,PaciAnta,NA,NA,NA
PARR32,-62.85,-62.458,-159.792,-159.203,52.9811,63.93,129.44,-2920,153,438,10,-3166,-2727,PaciAnta,NA,NA,NA
PARR33,-63.012,-62.758,-160.476,-160.072,34.9473,63.42,129.99,-2722,230,643,10,-3009,-2367,PaciAnta,NA,NA,NA
PARR34,-63.272,-62.508,-163.409,-161.95,112.6121,62.5,131.16,-2473,83,340,10,-2653,-2313,PaciAnta,NA,NA,NA
PARR35,-62.748,-63.582,-164.723,-166.188,118.3577,61.14,132.73,-2473,176,838,10,-2813,-1975,PaciAnta,NA,NA,NA
PARR36,-63.364,-64.049,-166.877,-168.121,97.7091,59.79,134.19,-2550,110,478,10,-2780,-2302,PaciAnta,NA,NA,NA
PARR37,-64.781,-63.957,-170.188,-168.302,128.8944,58.45,135.67,-2400,120,428,10,-2686,-2258,PaciAnta,PARR37,1292,Balleny
PARR38,-65.121,-64.365,-173.158,-171.254,123.3586,56.85,137.53,-2774,180,790,10,-3254,-2464,PaciAnta,PARR38,1146,Balleny
PARR39,-65.655,-64.999,-175.173,-173.38,110.6672,55.41,139.21,-2960,183,873,10,-3558,-2685,PaciAnta,NA,NA,NA
PARR4,-40.226,-41.252,-111.43,-111.564,114.6321,92.39,102.1,-2460,113,648,10,-2807,-2159,PaciAnta,NA,NA,NA
PARR40,-66.221,-65.189,-179.146,-176.112,180.1056,53.59,141.38,-2576,212,1023,10,-3284,-2261,PaciAnta,NA,NA,NA
PARR41,-64.61,-64.351,175.654,176.597,53.6028,51.7,143.07,-2780,523,1889,10,-3733,-1844,PaciAnta,NA,NA,NA
PARR42,-63.44,-63.94,173.48,172.014,91.1019,50.68,143.68,-2061,506,1765,10,-2746,-981,PaciAnta,NA,NA,NA
PARR43,-63.122,-63.557,170.442,169.29,75.105,49.47,144.55,-2059,352,1182,10,-2849,-1667,PaciAnta,NA,NA,NA
PARR44,-62.411,-62.702,167.402,165.977,79.9129,48.41,144.86,-2904,140,455,10,-3138,-2683,PaciAnta,NA,NA,NA
PARR45,-61.967,-62.245,164.789,163.522,72.7932,47.38,145.28,-2608,343,1214,10,-3330,-2116,PaciAnta,NA,NA,NA
PARR46,-61.799,-62.023,162.77,161.859,53.7915,46.49,145.73,-2431,102,378,10,-2615,-2237,PaciAnta,NA,NA,NA
PARR5,-41.259,-42.085,-111.305,-111.277,91.8653,91.94,102.08,-2591,104,424,10,-2800,-2376,PaciAnta,PARR5,1636,Easter
PARR6,-42.12,-44.089,-111.248,-111.877,224.8277,91.15,102.3,-2669,106,445,10,-2948,-2502,PaciAnta,PARR6,1796,Easter
PARR7,-44.103,-45.523,-111.982,-112.401,161.3075,90.11,102.71,-2544,106,486,10,-2840,-2354,PaciAnta,PARR7,1990,Easter
PARR8,-45.53,-47.716,-112.535,-113.24,248.9603,88.91,103.18,-2589,97,438,10,-2811,-2373,PaciAnta,PARR8,2101,Louisville
PARR9,-47.709,-48.473,-113.173,-113.383,86.3618,87.89,103.5,-2555,80,456,10,-2871,-2415,PaciAnta,PARR9,2014,Louisville
SEIR1,-25.636,-26.173,70.051,70.539,77.1259,55.41,47.56,-3665,148,724,10,-4063,-3340,AntaAust,SEIR1,1556,Reunion
SEIR10,-29.334,-29.723,74.982,75.38,57.9265,59.68,44.82,-3211,232,803,10,-3712,-2909,AntaAust,NA,NA,NA
SEIR11,-29.907,-30.691,75.225,76.179,126.4867,60.28,44.71,-3280,294,1205,10,-4084,-2879,AntaAust,NA,NA,NA
SEIR12,-30.792,-31.452,76.08,76.753,97.3535,60.98,44.45,-3085,219,841,10,-3520,-2680,AntaAust,NA,NA,NA
SEIR13,-31.676,-33.119,76.527,78.138,220.535,61.94,44.2,-2925,199,1045,10,-3635,-2590,AntaAust,SEIR13,1972,Kerguelen(Heard)
SEIR14,-33.713,-34.616,77.384,78.278,129.8376,62.92,44.49,-3261,150,661,10,-3611,-2950,AntaAust,SEIR14,1803,Kerguelen(Heard)
SEIR15,-34.625,-35.074,78.294,78.749,65.0236,63.46,44.15,-3178,245,905,10,-3595,-2690,AntaAust,NA,NA,NA
SEIR16,-35.273,-35.328,78.547,78.604,7.9956,63.67,44.28,-3184,25,79,10,-3220,-3141,AntaAust,NA,NA,NA
SEIR17,-35.551,-36.359,78.346,79.168,116.4051,64,44.37,-2856,237,1057,10,-3397,-2340,AntaAust,NA,NA,NA
SEIR18,-37.048,-37.262,78.232,78.439,30.076,64.35,45.18,-1983,103,341,10,-2149,-1808,AntaAust,NA,NA,NA
SEIR19,-38.435,-37.712,78.562,77.855,101.4285,64.68,45.62,-1870,252,1526,10,-2422,-895,AntaAust,NA,NA,NA
SEIR2,-26.059,-26.217,70.743,70.872,21.7825,55.8,47.19,-4099,107,319,10,-4282,-3964,AntaAust,NA,NA,NA
SEIR20,-38.864,-39.215,78.019,78.254,43.9792,65.05,46.02,-2057,76,279,10,-2184,-1906,AntaAust,SEIR20,1325,Kerguelen(Heard)
SEIR21,-39.331,-40.083,77.979,78.591,98.6,65.35,46.1,-2483,347,1169,10,-3241,-2072,AntaAust,NA,NA,NA
SEIR22,-40.332,-40.869,77.889,78.422,74.7066,65.66,46.51,-3088,161,772,10,-3599,-2827,AntaAust,NA,NA,NA
SEIR23,-40.816,-41.831,78.613,79.813,150.9263,66.21,45.78,-2723,152,714,10,-3173,-2458,AntaAust,NA,NA,NA
SEIR24,-41.278,-41.065,81.209,80.943,32.5661,66.65,44.08,-2675,39,286,10,-2846,-2560,AntaAust,NA,NA,NA
SEIR25,-41.566,-41.275,81.618,81.214,46.7414,66.83,43.86,-2671,114,425,10,-2919,-2494,AntaAust,NA,NA,NA
SEIR26,-41.56,-41.814,81.59,81.925,39.654,67,43.64,-2684,124,499,10,-3016,-2517,AntaAust,NA,NA,NA
SEIR27,-42.174,-41.808,82.322,81.901,53.5809,67.19,43.42,-2693,91,315,10,-2848,-2533,AntaAust,NA,NA,NA
SEIR28,-42.216,-42.889,82.35,83.381,112.8624,67.55,42.92,-2709,157,680,10,-3165,-2484,AntaAust,NA,NA,NA
SEIR29,-40.85,-42.103,85.896,88.149,233.7638,68.25,39.11,-2610,264,1546,10,-3828,-2281,AntaAust,SEIR29,1634,Kerguelen(Heard)
SEIR3,-26.045,-26.393,71.358,71.606,45.9388,56.17,46.57,-3680,128,411,10,-3916,-3505,AntaAust,NA,NA,NA
SEIR30,-41.707,-42.345,88.686,89.734,111.9401,68.9,37.46,-2473,99,393,10,-2729,-2336,AntaAust,SEIR30,1748,Kerguelen(Heard)
SEIR31,-42.349,-42.742,89.763,90.588,80.4313,69.23,36.8,-2594,54,287,10,-2745,-2458,AntaAust,SEIR31,1785,Kerguelen(Heard)
SEIR32,-42.775,-43.473,90.528,91.894,135.3338,69.56,36.1,-2660,190,730,10,-3074,-2343,AntaAust,SEIR32,1826,Kerguelen(Heard)
SEIR33,-43.328,-44.432,91.99,94.334,224.3701,70.08,34.7,-2754,148,598,10,-3077,-2478,AntaAust,SEIR33,1928,Kerguelen(Heard)
SEIR34,-44.504,-45.175,94.176,95.601,134.8762,70.54,33.52,-2848,146,566,10,-3242,-2676,AntaAust,SEIR34,2009,Kerguelen(Heard)
SEIR35,-44.982,-45.265,95.705,96.444,65.9819,70.76,32.63,-2903,134,481,10,-3142,-2662,AntaAust,SEIR35,2084,Kerguelen(Heard)
SEIR36,-45.976,-46.276,95.702,96.249,53.7563,70.89,32.88,-3245,140,519,10,-3504,-2984,AntaAust,SEIR36,2038,Kerguelen(Heard)
SEIR37,-47.1,-46.619,96.925,95.869,96.4856,71.04,32.67,-2712,76,331,10,-2923,-2592,AntaAust,SEIR37,2044,Kerguelen(Heard)
SEIR38,-47.156,-47.369,96.87,97.403,46.6852,71.18,32.14,-2718,104,353,10,-2922,-2569,AntaAust,NA,NA,NA
SEIR39,-47.417,-48.255,97.326,99.3,174.3417,71.39,31.28,-2738,69,350,10,-2921,-2570,AntaAust,SEIR39,2154,Kerguelen(Heard)
SEIR4,-26.345,-27.033,71.784,72.342,94.5228,56.72,46.27,-3588,204,675,10,-3930,-3255,AntaAust,SEIR4,1750,Reunion
SEIR40,-47.26,-47.637,100.242,101.391,96.0313,71.62,29.26,-2828,136,582,10,-3186,-2604,AntaAust,SEIR40,2346,Kerguelen(Heard)
SEIR41,-47.607,-48.045,101.408,102.534,97.1826,71.76,28.4,-2972,180,615,10,-3343,-2728,AntaAust,SEIR41,2418,Kerguelen(Heard)
SEIR42,-47.755,-48.233,102.878,104.247,114.9366,71.9,27.18,-3067,239,1007,10,-3736,-2729,AntaAust,SEIR42,2527,Kerguelen(Heard)
SEIR43,-48.128,-48.398,104.326,105.176,69.7152,72,26.28,-3139,155,540,10,-3484,-2944,AntaAust,SEIR43,2604,Kerguelen(Heard)
SEIR44,-48.644,-48.741,105.024,105.277,21.4584,72.04,26.01,-3721,156,560,10,-4071,-3511,AntaAust,SEIR44,2620,Kerguelen(Heard)
SEIR45,-48.975,-49.306,105.097,106.105,82.0793,72.09,25.69,-3531,166,667,10,-3805,-3138,AntaAust,SEIR45,2640,Kerguelen(Heard)
SEIR46,-48.841,-48.871,106.483,106.601,9.2391,72.13,24.94,-4445,73,250,10,-4522,-4272,AntaAust,SEIR46,2714,Kerguelen(Heard)
SEIR47,-48.327,-48.812,107.052,108.499,119.3205,72.17,23.98,-3086,212,910,10,-3711,-2800,AntaAust,SEIR47,2810,Kerguelen(Heard)
SEIR48,-49.019,-49.096,108.443,108.719,21.8796,72.21,23.39,-3924,70,295,10,-4023,-3728,AntaAust,SEIR48,2853,Kerguelen(Heard)
SEIR49,-49.273,-49.948,108.612,110.842,177.3416,72.25,22.52,-3571,303,1149,10,-4319,-3169,AntaAust,SEIR49,2917,Kerguelen(Heard)
SEIR5,-26.985,-27.467,72.439,72.868,68.4472,57.31,46,-3727,176,629,10,-3975,-3346,AntaAust,NA,NA,NA
SEIR50,-49.716,-49.861,110.876,111.389,40.2201,72.27,21.45,-3722,128,462,10,-3992,-3530,AntaAust,SEIR50,2841,Australia
SEIR51,-50.021,-50.331,111.327,112.628,98.8628,72.28,20.8,-3384,282,1080,10,-3953,-2874,AntaAust,SEIR51,2795,Australia
SEIR52,-50.173,-50.399,112.808,113.895,81.239,72.27,19.75,-3435,275,851,10,-3894,-3043,AntaAust,SEIR52,2706,Australia
SEIR53,-49.842,-50.076,114.367,115.534,87.4457,72.24,18.54,-4302,114,611,10,-4632,-4021,AntaAust,SEIR53,2586,Australia
SEIR54,-49.935,-49.983,115.61,115.85,17.999,72.22,17.94,-4500,99,333,10,-4664,-4331,AntaAust,NA,NA,NA
SEIR55,-49.401,-49.442,116.166,116.427,19.4004,72.21,17.54,-3600,318,858,10,-3967,-3110,AntaAust,NA,NA,NA
SEIR56,-49.245,-49.366,116.564,117.093,40.6415,72.19,17.14,-4622,207,735,10,-4942,-4208,AntaAust,SEIR56,2434,Australia
SEIR57,-49.468,-49.553,117.093,117.429,26.0231,72.17,16.81,-4504,302,900,10,-4945,-4045,AntaAust,SEIR57,2413,Australia
SEIR58,-49.678,-49.921,117.429,118.569,86.1901,72.13,16.24,-4016,482,1566,10,-4759,-3193,AntaAust,SEIR58,2377,Australia
SEIR59,-49.82,-50.102,118.707,120.039,100.335,72.05,15.19,-3643,231,964,10,-4322,-3359,AntaAust,NA,NA,NA
SEIR6,-27.353,-27.486,73.137,73.282,20.5814,57.68,45.58,-3668,156,487,10,-3943,-3456,AntaAust,NA,NA,NA
SEIR60,-49.802,-49.868,120.265,120.567,22.8868,71.99,14.42,-4149,98,316,10,-4310,-3994,AntaAust,NA,NA,NA
SEIR61,-48.849,-48.952,121,121.597,45.1388,71.95,13.85,-4697,296,815,10,-5055,-4240,AntaAust,NA,NA,NA
SEIR62,-49.682,-49.89,121.426,122.538,83.1271,71.87,13.25,-4289,196,828,10,-4726,-3898,AntaAust,NA,NA,NA
SEIR63,-49.554,-49.5,123.317,122.938,27.9963,71.77,12.43,-4372,193,536,10,-4648,-4112,AntaAust,NA,NA,NA
SEIR64,-49.007,-49.047,123.576,123.856,20.9131,71.73,12.05,-4303,93,422,10,-4422,-4000,AntaAust,NA,NA,NA
SEIR65,-49.102,-48.848,125.09,123.969,86.5733,71.65,11.46,-4190,484,2870,10,-4949,-2079,AntaAust,SEIR65,1917,Australia
SEIR66,-49.73,-49.57,125.981,125.206,58.5696,71.51,10.58,-4182,565,2168,10,-5448,-3281,AntaAust,SEIR66,1896,Australia
SEIR67,-48.837,-48.663,127.515,126.328,89.1524,71.38,9.73,-4319,369,1058,10,-4756,-3698,AntaAust,SEIR67,1759,Australia
SEIR68,-50.149,-50.17,128.175,126.963,86.3703,71.24,9.02,-3410,94,410,10,-3587,-3177,AntaAust,SEIR68,1822,Australia
SEIR69,-50.16,-50.444,128.257,131.21,212.0935,70.93,7.37,-3160,149,633,10,-3539,-2906,AntaAust,SEIR69,1724,Australia
SEIR7,-27.863,-27.404,73.916,73.474,67.0923,58.02,45.24,-3391,196,688,10,-3799,-3111,AntaAust,NA,NA,NA
SEIR70,-50.415,-50.152,135.091,131.528,254.8236,70.32,4.67,-2873,118,568,10,-3198,-2630,AntaAust,SEIR70,1567,Australia
SEIR71,-50.17,-50.2,135.105,137.617,178.8745,69.71,2.38,-2800,126,511,10,-3115,-2603,AntaAust,SEIR71,1454,Australia
SEIR72,-50.238,-50.231,139.717,137.696,143.7433,69.19,0.57,-2742,170,803,10,-3340,-2537,AntaAust,NA,NA,NA
SEIR73,-52.378,-52.326,139.632,140.883,85.1587,68.83,1.3,-2835,297,1307,10,-3633,-2325,AntaAust,NA,NA,NA
SEIR74,-54.087,-54.206,140.883,143.975,201.7944,68.35,3.65,-2754,117,625,10,-3115,-2490,AntaAust,NA,NA,NA
SEIR75,-54.818,-54.84,143.965,146.424,157.5114,67.69,6.2,-2538,170,792,10,-3018,-2226,AntaAust,NA,NA,NA
SEIR76,-55.572,-55.522,146.557,147.25,43.954,67.29,7.92,-2476,289,984,10,-3217,-2234,AntaAust,NA,NA,NA
SEIR77,-57.551,-57.458,147.745,148.795,63.5562,67.09,9.87,-2888,153,859,10,-3477,-2618,AntaAust,NA,NA,NA
SEIR78,-59.91,-60.403,153.505,150.773,160.7727,66.41,14.43,-2813,147,835,10,-3434,-2599,AntaAust,NA,NA,NA
SEIR79,-61.536,-62.874,161.186,156.276,294.778,65.16,21.54,-2140,174,1129,10,-2901,-1771,AntaAust,NA,NA,NA
SEIR8,-28.227,-27.84,74.419,73.967,61.8235,58.46,44.98,-3676,219,880,10,-4234,-3354,AntaAust,NA,NA,NA
SEIR9,-28.5,-29.292,74.177,75.025,120.7544,59.1,45.04,-3630,279,1089,10,-4076,-2988,AntaAust,NA,NA,NA
SWIR1,-53.645,-54.285,3.001,4.543,123.4658,13.54,43.61,-2739,589,2275,10,-4195,-1920,AfriAnta,NA,NA,NA
SWIR10,-52.208,-52.257,15.606,14.898,48.5155,13.89,32.57,-4135,111,566,10,-4352,-3786,AfriAnta,NA,NA,NA
SWIR11,-52.309,-52.197,16.297,15.634,46.7591,13.92,31.94,-3979,177,628,10,-4200,-3572,AfriAnta,SWIR11c,950,Bouvet
SWIR12,-52.347,-52.288,16.725,16.388,23.8235,13.94,31.43,-3692,186,680,10,-4006,-3326,AfriAnta,SWIR12c,986,Bouvet
SWIR13,-52.528,-52.299,17.815,16.828,71.6949,13.97,30.79,-3657,309,1145,10,-4154,-3009,AfriAnta,SWIR13c,1033,Bouvet
SWIR14,-52.712,-52.515,18.757,17.901,61.8445,14.01,29.95,-3813,246,959,10,-4141,-3182,AfriAnta,SWIR14c,1093,Bouvet
SWIR15,-52.857,-52.677,19.927,18.826,76.773,14.05,29.07,-3754,450,1398,10,-4410,-3012,AfriAnta,SWIR15c,1158,Bouvet
SWIR16,-52.936,-52.847,20.675,20.047,43.2924,14.08,28.25,-3849,291,992,10,-4294,-3301,AfriAnta,SWIR16c,1219,Bouvet
SWIR17,-53.029,-52.898,21.446,20.738,49.5888,14.1,27.63,-4119,201,823,10,-4395,-3572,AfriAnta,SWIR17c,1265,Bouvet
SWIR18,-52.944,-53.078,21.563,22.211,45.7808,14.13,26.96,-4145,80,311,10,-4301,-3990,AfriAnta,SWIR18c,1315,Bouvet
SWIR19,-53.245,-52.991,23.164,22.314,63.3782,14.15,26.25,-3662,164,632,10,-3976,-3344,AfriAnta,SWIR19c,1280,Marion
SWIR2,-54.225,-54.575,4.732,5.52,64.1131,13.62,42.43,-3566,477,1544,10,-4338,-2794,AfriAnta,SWIR2,208,Bouvet
SWIR20,-53.429,-53.228,24.169,23.307,61.4605,14.19,25.43,-3897,350,1253,10,-4600,-3348,AfriAnta,SWIR20c,1232,Marion
SWIR21,-53.558,-53.385,25.042,24.306,52.4103,14.21,24.66,-4078,248,915,10,-4597,-3682,AfriAnta,SWIR21,1187,Marion
SWIR22,-52.574,-52.927,25.93,27.628,120.7933,14.25,22.77,-3851,1319,4449,10,-5929,-1480,AfriAnta,SWIR22,1025,Marion
SWIR23,-51.135,-51.226,28.868,29.384,37.3635,14.28,20.6,-5228,545,2172,10,-6543,-4371,AfriAnta,NA,NA,NA
SWIR24,-47.074,-47.26,32.126,33.448,102.095,14.32,17.15,-3672,690,2537,10,-4819,-2282,AfriAnta,SWIR24,395,Marion
SWIR25,-45.999,-46.119,33.866,34.874,78.9115,14.34,15.82,-3325,940,3030,10,-4758,-1728,AfriAnta,SWIR25,297,Marion
SWIR26,-44.616,-44.837,35.407,36.956,124.8281,14.37,14.34,-2400,851,3413,10,-4456,-1043,AfriAnta,SWIR26d,289,Marion
SWIR27,-44.657,-44.499,37.915,37.062,69.7504,14.39,13.38,-2584,260,923,10,-2924,-2001,AfriAnta,SWIR27d,272,Marion
SWIR28,-44.037,-44.176,38.286,39.141,69.9677,14.41,12.46,-2237,588,2196,10,-3610,-1413,AfriAnta,SWIR28,327,Marion
SWIR29,-43.906,-43.85,41.511,40.424,87.3458,14.43,10.86,-2802,501,1994,10,-4023,-2029,AfriAnta,SWIR29d,417,Marion
SWIR3,-53.869,-54.182,6.641,8.022,96.7002,13.68,40.25,-3796,709,2837,10,-5031,-2194,AfriAnta,SWIR3,348,Bouvet
SWIR30,-43.415,-43.352,40.393,39.336,85.7117,14.42,11.6,-3097,521,1793,10,-4413,-2619,AfriAnta,SWIR30d,428,Marion
SWIR31,-42.72,-42.767,41.873,42.416,44.6962,14.44,9.99,-3654,598,2120,10,-4821,-2701,AfriAnta,SWIR31,575,Marion
SWIR32,-40.917,-40.991,42.865,44.34,124.1666,14.45,8.95,-3306,217,1065,10,-3992,-2927,AfriAnta,SWIR32,688,Crozet/Pr.
SWIR33,-40.65,-40.65,44.373,44.783,34.5722,14.45,8.3,-3403,168,673,10,-3602,-2929,AfriAnta,NA,NA,NA
SWIR34,-40.414,-40.407,44.791,45.094,25.68,14.45,8.06,-3487,227,639,10,-3753,-3114,AfriAnta,NA,NA,NA
SWIR35,-40.12,-40.12,45.094,46.062,82.2415,14.46,7.64,-3162,332,1204,10,-3740,-2536,AfriAnta,SWIR35,652,Crozet/Pr.
SWIR36,-38.797,-38.778,46.217,47.602,120.0694,14.45,6.8,-3242,362,1543,10,-3850,-2308,AfriAnta,NA,NA,NA
SWIR37,-38.233,-38.772,48.266,47.635,81.2732,14.45,6.15,-3360,229,867,10,-3820,-2954,AfriAnta,NA,NA,NA
SWIR38,-38.072,-38.072,48.274,48.865,51.6556,14.45,5.78,-2982,176,522,10,-3298,-2776,AfriAnta,SWIR38d,779,Crozet/Pr.
SWIR39,-37.904,-37.897,48.947,49.438,43.1572,14.44,5.41,-3245,259,927,10,-3685,-2758,AfriAnta,SWIR39,792,Crozet/Pr.
SWIR4,-52.854,-52.902,10.896,9.949,63.8207,13.74,37.08,-3797,409,1316,10,-4543,-3227,AfriAnta,SWIR4c,571,Bouvet
SWIR40,-37.755,-37.761,49.488,49.824,29.547,14.44,5.13,-3188,323,904,10,-3657,-2752,AfriAnta,NA,NA,NA
SWIR41,-37.658,-37.638,49.848,50.856,88.7812,14.43,4.71,-2260,308,1070,10,-2888,-1818,AfriAnta,SWIR41d,818,Crozet/Pr.
SWIR42,-37.45,-37.404,50.864,51.61,66.0593,14.42,4.19,-2959,152,507,10,-3223,-2715,AfriAnta,NA,NA,NA
SWIR43,-37.254,-37.241,51.643,52.43,69.6669,14.41,3.72,-3592,463,1646,10,-4653,-3006,AfriAnta,SWIR43,879,Crozet/Pr.
SWIR44,-36.17,-36.157,52.307,53.381,96.3987,14.4,3.33,-4281,811,2661,10,-5908,-3247,AfriAnta,NA,NA,NA
SWIR45,-35.392,-35.359,53.422,54.127,64.018,14.38,2.86,-3784,581,2209,10,-5282,-3074,AfriAnta,SWIR45d,1117,Crozet/Pr.
SWIR46,-34.721,-34.728,54.135,54.856,65.9155,14.37,2.52,-3824,398,1460,10,-4745,-3285,AfriAnta,SWIR46,1205,Crozet/Pr.
SWIR47,-34.357,-34.384,54.954,55.577,57.2498,14.35,2.12,-3673,112,384,10,-3805,-3422,AfriAnta,SWIR47d,1264,Crozet/Pr.
SWIR48,-33.691,-33.718,55.766,57.061,119.8307,14.32,1.57,-3663,549,2259,10,-5139,-2880,AfriAnta,SWIR48d,1371,Crozet/Pr.
SWIR49,-31.788,-31.785,57.044,57.593,51.901,14.3,1.36,-3892,376,1215,10,-4537,-3322,AfriAnta,SWIR49,1207,Reunion
SWIR5,-52.923,-52.76,11.678,10.936,53.0077,13.77,36.26,-2458,461,1674,10,-3320,-1646,AfriAnta,SWIR5c,630,Bouvet
SWIR50,-31.722,-31.687,57.598,58.376,73.7673,14.28,1.02,-4292,541,1662,10,-5455,-3793,AfriAnta,SWIR50d,1207,Reunion
SWIR51,-31.102,-31.082,58.426,58.985,53.2289,14.25,0.75,-4166,564,1882,10,-5326,-3444,AfriAnta,NA,NA,NA
SWIR52,-30.643,-31.031,59.603,59.02,70.3511,14.23,0.48,-4360,178,759,10,-4687,-3928,AfriAnta,SWIR52d,1143,Reunion
SWIR53,-30.244,-30.633,60.756,59.615,117.6312,14.19,0.11,-4697,327,1589,10,-5776,-4186,AfriAnta,SWIR53d,1130,Reunion
SWIR54,-29.346,-29.336,60.672,61.029,34.5747,14.17,NA,-5006,254,1101,10,-5518,-4417,AfriAnta,NA,NA,NA
SWIR55,-29.025,-28.994,61.005,61.683,65.9647,14.14,0.17,-3845,644,2026,10,-4535,-2509,AfriAnta,SWIR55,1040,Reunion
SWIR56,-28.806,-28.817,61.73,62.087,34.7628,14.12,0.41,-4703,336,1144,10,-5115,-3971,AfriAnta,SWIR56d,1053,Reunion
SWIR57,-28.201,-28.567,63.014,62.122,96.2187,14.08,0.63,-4709,342,1164,10,-5248,-4084,AfriAnta,NA,NA,NA
SWIR58,-28.054,-28.064,63.049,63.632,57.1503,14.04,0.92,-4380,203,771,10,-4684,-3914,AfriAnta,NA,NA,NA
SWIR59,-27.875,-27.875,64.368,63.655,70.0923,14.01,1.19,-4205,722,2128,10,-4987,-2858,AfriAnta,SWIR59d,1114,Reunion
SWIR6,-52.518,-52.785,12.706,11.735,71.8647,13.79,35.38,-4295,255,1344,10,-4669,-3325,AfriAnta,SWIR6c,695,Bouvet
SWIR60,-27.928,-27.928,65.331,64.345,96.9085,13.96,1.59,-4599,264,1044,10,-4959,-3915,AfriAnta,SWIR61d,1214,Reunion
SWIR61,-27.686,-27.686,65.307,65.664,35.1122,13.92,1.83,-4258,742,2038,10,-5343,-3305,AfriAnta,SWIR62d,1253,Reunion
SWIR62,-27.57,-27.581,66.424,65.676,73.8035,13.89,2.07,-4602,314,1102,10,-5069,-3968,AfriAnta,SWIR63d,1299,Reunion
SWIR63,-27.338,-27.338,67.066,66.472,58.6924,13.84,2.34,-4410,285,1122,10,-5007,-3885,AfriAnta,NA,NA,NA
SWIR64,-27.127,-27.127,67.244,66.983,25.8789,13.82,2.44,-4120,465,1406,10,-4932,-3526,AfriAnta,NA,NA,NA
SWIR65,-26.852,-26.852,67.518,67.185,33.0058,13.8,2.46,-4903,329,1196,10,-5378,-4182,AfriAnta,SWIR65d,1324,Reunion
SWIR66,-26.565,-26.576,68.053,67.482,56.7392,13.77,2.56,-4308,355,1255,10,-5002,-3747,AfriAnta,SWIR66d,1347,Reunion
SWIR67,-25.604,-26.416,69.895,68.029,207.152,13.69,2.93,-4301,381,1736,10,-5079,-3343,AfriAnta,SWIR67d,1433,Reunion
SWIR7,-52.521,-52.504,12.917,12.723,13.2768,13.81,34.81,-3988,266,877,10,-4370,-3493,AfriAnta,SWIR7c,738,Bouvet
SWIR8,-52.166,-52.504,14.321,12.934,101.4808,13.83,34.04,-3904,340,1192,10,-4543,-3351,AfriAnta,SWIR8c,796,Bouvet
SWIR9,-52.253,-52.155,14.858,14.356,35.9254,13.86,33.13,-3600,368,1303,10,-4053,-2750,AfriAnta,SWIR9c,864,Bouvet
BLAU1,-15.236,-15.724,-176.095,-176.73,86.9923,108.3,NA,-1876,192,798,10,-2244,-1445,FTNI,NA,NA,NA
BLAU10,-21.495,-22.175,-176.403,-176.619,78.8309,54.5,NA,-2064,138,631,10,-2300,-1669,AUTO,BLAU10,1110,Samoa
BLAU11,-22.191,-22.689,-176.607,-176.765,57.6962,44.4,NA,-2063,157,765,10,-2592,-1827,AUTO,BLAU11,1174,Samoa
BLAU12,-14.748,-15.16,-173.949,-174.129,49.7877,116.9,NA,-2923,244,891,10,-3438,-2547,NITO,BLAU12a,448,Samoa
BLAU13,-15.176,-15.577,-174.123,-174.381,52.4723,106.2,NA,-2325,291,908,10,-2675,-1768,NITO,BLAU13a,482,Samoa
BLAU14,-15.155,-15.597,-174.499,-174.795,58.5131,104.8,NA,-2267,148,535,10,-2575,-2039,NITO,NA,NA,NA
BLAU15,-15.61,-16.161,-174.831,-174.82,61.3131,92.5,NA,-2358,154,684,10,-2703,-2019,NITO,BLAU15a,559,Samoa
BLAU16,-17.002,-16.073,-174.545,-174.509,103.4047,78.4,NA,-2079,179,715,10,-2458,-1744,NITO,BLAU16,562,Samoa
BLAU17,-17.258,-16.915,-174.529,-174.482,38.4877,66,NA,-2146,424,1296,10,-2950,-1654,NITO,BLAU17,592,Samoa
BLAU18,-17.665,-17.269,-174.585,-174.533,44.3552,57,NA,-2511,428,1383,10,-3038,-1655,NITO,BLAU18,622,Samoa
BLAU2,-16.092,-15.536,-177.653,-177.054,89.0455,75.8,NA,-2230,83,298,10,-2385,-2087,AUNI,NA,NA,NA
BLAU3,-18.214,-16.844,-176.297,-176.917,165.9973,82.2,NA,-2327,200,1007,10,-2927,-1920,AUNI,NA,NA,NA
BLAU4,-18.281,-18.845,-176.286,-176.571,69.5681,87.9,NA,-2279,17,76,10,-2316,-2240,AUNI,BLAU4,853,Samoa
BLAU5,-18.856,-19.218,-176.584,-176.545,40.3723,91.3,NA,-2323,69,323,10,-2570,-2246,AUNI,BLAU5,896,Samoa
BLAU6,-19.149,-19.377,-176.112,-176.208,27.2921,96.2,NA,-2961,134,546,10,-3177,-2631,AUTO,BLAU6,879,Samoa
BLAU7,-19.334,-20.091,-175.893,-176.152,88.38,89.7,NA,-2692,148,753,NA,-3103,-2350,AUTO,BLAU7,902,Samoa
BLAU8,-20.08,-20.676,-176.078,-176.253,68.6617,78.7,NA,-2666,66,343,NA,-2754,-2411,AUTO,BLAU8,965,Samoa
BLAU9,-21.493,-20.586,-176.393,-176.125,104.6722,68,NA,-2211,118,582,10,-2463,-1881,AUTO,BLAU9,1026,Samoa
BMNS1,-3.668,-3.246,149.74,150.159,66.0515,71.2,NA,-2241,98,333,10,-2445,-2112,MNNB,BMNS1,1822,Caroline
BMNS2,-3.243,-3.026,150.166,150.499,44.1557,22.1,NA,-2483,76,261,10,-2586,-2325,MNNB,NA,NA,NA
BMNS3,-3.909,-3.705,150.229,150.999,88.4065,81.4,NA,-2383,146,604,10,-2561,-1957,MNSB,NA,NA,NA
BMNS4,-3.829,-3.668,151.076,151.301,30.7181,146.1,NA,-2585,35,135,10,-2671,-2536,MNSB,BMNS4,1724,Caroline
BMNS5,-3.788,-3.641,151.654,152.031,44.9344,142,NA,-2075,51,198,10,-2179,-1981,NBSB,BMNS5,1662,Caroline
BMRN1,14.153,13.417,144.228,144.135,82.5196,48.4,NA,-3789,341,1522,10,-4298,-2776,MAPS,NA,NA,NA
BMRN10,19.967,18.974,144.253,144.649,117.963,26.8,NA,-4230,368,1742,10,-4813,-3071,MAPS,BMRN10,2659,Caroline
BMRN11,20.607,19.903,143.823,144.068,82.2949,23.1,NA,-4704,463,1615,10,-5669,-4055,MAPS,BMRN11,2753,Caroline
BMRN12,21.454,20.563,143.223,143.767,114.0564,19.6,NA,-3593,319,1240,10,-4168,-2928,MAPS,BMRN12,2840,Caroline
BMRN13,22.164,21.489,142.73,143.286,94.4756,15.8,NA,-3211,265,1225,10,-3850,-2624,MAPS,BMRN13,2934,Caroline
BMRN14,22.876,22.284,142.38,142.841,81.1402,12.4,NA,-3119,570,2712,10,-4188,-1475,MAPS,BMRN14,3017,Caroline
BMRN2,14.896,14.129,144.312,144.27,85.3952,45.7,NA,-4234,172,761,10,-4677,-3916,MAPS,NA,NA,NA
BMRN3,15.676,14.944,144.599,144.455,82.7922,42.8,NA,-4138,347,1172,10,-4756,-3585,MAPS,BMRN3,2417,Caroline
BMRN4,16.257,15.704,144.785,144.766,61.5354,40.5,NA,-3770,244,888,10,-4264,-3376,MAPS,BMRN4,2428,Caroline
BMRN5,16.615,16.267,144.809,144.852,38.9114,38.8,NA,-3913,280,949,10,-4572,-3623,MAPS,BMRN5,2447,Caroline
BMRN6,17.57,16.664,144.702,144.88,102.5249,36.2,NA,-3982,431,1624,10,-4682,-3057,MAPS,BMRN6,2488,Caroline
BMRN7,17.958,17.621,144.826,144.944,39.5005,33.8,NA,-4286,180,600,10,-4634,-4033,MAPS,NA,NA,NA
BMRN8,18.467,17.951,144.623,144.785,59.8738,31.9,NA,-3957,212,875,10,-4423,-3549,MAPS,BMRN8,2559,Caroline
BMRN9,18.989,18.495,144.557,144.708,57.26,29.8,NA,-4434,392,1482,10,-5086,-3605,MAPS,BMRN9,2598,Caroline
BSCO1,-55.679,-56.465,-30.325,-30.372,87.3588,59.4,NA,-3257,221,823,10,-3728,-2904,SCSW,BSCO1,2055,Bouvet
BSCO2,-56.413,-56.911,-30.747,-30.747,55.4084,60.9,NA,-3558,84,339,10,-3736,-3397,SCSW,BSCO2,2072,Bouvet
BSCO3,-56.92,-57.227,-30.472,-30.494,34.2634,61.8,NA,-3550,321,953,10,-4118,-3165,SCSW,NA,NA,NA
BSCO4,-57.237,-57.681,-30.171,-30.18,49.3402,62.8,NA,-3903,121,369,10,-4117,-3748,SCSW,BSCO4,2031,Bouvet
BSCO5,-57.69,-58.319,-29.827,-29.782,69.9925,64.1,NA,-3508,199,663,10,-3852,-3190,SCSW,BSCO5,2007,Bouvet
BSCO6,-58.319,-58.872,-29.954,-29.945,61.4374,65.5,NA,-3632,94,296,10,-3772,-3476,SCSW,BSCO6,2015,Bouvet
BSCO7,-58.83,-59.641,-29.537,-29.537,90.2124,67,NA,-3260,209,676,10,-3572,-2896,SCSW,BSCO7,1994,Bouvet
BSCO8,-59.462,-60.388,-29.954,-29.8,103.3793,68.6,NA,-2982,225,738,10,-3263,-2525,SCSW,BSCO8,2018,Bouvet
BWDL1,-10,-10.182,151.995,154.212,243.5463,28.1,NA,-3059,288,1750,10,-4289,-2538,WLAU,NA,NA,NA
BWDL2,-9.706,-9.874,155.193,154.226,107.595,33.8,NA,-3515,350,1262,10,-4151,-2889,WLAU,NA,NA,NA
BWDL3,-9.577,-9.565,155.199,156.135,102.6381,37.2,NA,-3857,193,884,10,-4205,-3321,WLAU,BWDL3,1865,Caroline
BWDL4,-9.244,-9.23,156.06,156.472,45.2452,39.5,NA,-4105,215,848,10,-4479,-3631,WLAU,NA,NA,NA
CAYM1,18.232,17.764,-81.732,-81.732,51.9947,19.3,NA,-5382,367,1273,10,-5926,-4652,CANA,NA,NA,NA
CAYM2,18.716,18.255,-81.726,-81.695,51.3075,19.2,NA,-5079,483,1874,10,-6449,-4575,CANA,NA,NA,NA
FIJI1,-13.63,-15.59,172.709,173.5,233.98,26.9,NA,-3271,304,1371,10,-3979,-2608,NHBR,NA,NA,NA
FIJI10,-19.344,-19.821,175.817,175.548,60.0814,29.3,NA,-2889,231,872,10,-3155,-2284,CRAU,NA,NA,NA
FIJI11,-19.872,-20.829,175.502,175.917,114.8519,22.7,NA,-3017,207,809,10,-3470,-2660,CRAU,NA,NA,NA
FIJI2,-15.605,-16.769,173.3,173.745,137.9096,35.3,NA,-3279,207,797,10,-3681,-2884,NHBR,FIJI2,1785,Samoa
FIJI3,-16.883,-18.094,173.966,173.546,141.7905,62.6,NA,-2528,250,871,10,-2826,-1955,NHCR,FIJI3,1780,Samoa
FIJI4,-18.326,-19.738,173.538,173.402,157.6456,79.3,NA,-2758,73,333,10,-2998,-2665,NHCR,FIJI4,1848,Samoa
FIJI5,-19.761,-21.265,173.39,173.384,167.2606,96.5,NA,-2910,167,595,10,-3310,-2716,NHCR,FIJI5,1905,Samoa
FIJI6,-20.685,-21.751,174.167,174.16,118.5027,106.9,NA,-2766,151,628,10,-3177,-2549,NHCR,FIJI6,1859,Samoa
FIJI7,-16.637,-17.751,176.178,175.955,126.1266,49.5,NA,-3294,287,932,10,-3741,-2809,CRAU,NA,NA,NA
FIJI8,-17.817,-18.422,176.339,176.178,69.4128,41.7,NA,-3472,468,1345,10,-4238,-2892,CRAU,NA,NA,NA
FIJI9,-18.481,-19.286,176.316,175.886,100.3741,35.1,NA,-3791,453,1694,10,-4349,-2655,CRAU,NA,NA,NA